original_name,clean_name,weight,unit,packaging_type
OMO Bột Giặt Comfort H. Hoa Hồng Pháp Ngọt Ngào 700g (Gói),OMO Bột Giặt Comfort H. Hoa Hồng Pháp Ngọt Ngào,700.0,g,Gói
OMO Bột Giặt Đỏ Hương Thơm Mát 380g (Gói),OMO Bột Giặt Đỏ Hương Thơm Mát,380.0,g,Gói
OMO Bột giặt đỏ hương thơm mát 770g (Cái),OMO Bột giặt đỏ hương thơm mát,770.0,g,Cái
OMO NướcGiặt MG C.Trước H.Hoa OảiHương Thư Thái 2.6kg (Chai),OMO NướcGiặt MG C.Trước H.Hoa OảiHương Thư Thái,2.6,kg,Chai
OMO Viên Giặt Hương Tinh Tế 210g (Hộp),OMO Viên Giặt Hương Tinh Tế,210.0,g,Hộp
OMO Viên Giặt Hương Tươi Mát 210g (Hộp),OMO Viên Giặt Hương Tươi Mát,210.0,g,Hộp
OMO bột giặt comfort tinh dầu thơm sang trọng vàng 700g (Cái),OMO bột giặt comfort tinh dầu thơm sang trọng vàng,700.0,g,Cái
SURF Nước Giặt Hương Cỏ Hoa Diệu Kì 3.6Kg (Túi),SURF Nước Giặt Hương Cỏ Hoa Diệu Kì,3.6,kg,Túi
SUN NLS BIOSHIELD Hương Chanh Yuzu & Sả 1kg (Cái),SUN NLS BIOSHIELD Hương Chanh Yuzu & Sả,1.0,kg,Cái
SUN NLS Tinh dầu thảo mộc h.Diên vỹ Bạch đàn 1kg (Chai),SUN NLS Tinh dầu thảo mộc h.Diên vỹ Bạch đàn,1.0,kg,Chai
SUN SUNLIGHT Lau Bếp Bọt Tuyết Powerfoam 500ml (Chai),SUN SUNLIGHT Lau Bếp Bọt Tuyết Powerfoam,500.0,ml,Chai
SUN SUNLIGHT NLS TD Thảo Mộc Hương Lily & Bạch Trà 1kg (Chai),SUN SUNLIGHT NLS TD Thảo Mộc Hương Lily & Bạch Trà,1.0,kg,Chai
SUN SUNLIGHT NLS TD Thảo Mộc Hương Lily & Bạch Trà 3.6kg (Can),SUN SUNLIGHT NLS TD Thảo Mộc Hương Lily & Bạch Trà,3.6,kg,Can
SUNLIGHT NLS BIOSHIELD Hương Chanh Yuzu & Sả 3.6kg (Cái),SUNLIGHT NLS BIOSHIELD Hương Chanh Yuzu & Sả,3.6,kg,Cái
SUNLIGHT NLS Tinh Dầu Thảo Mộc H Hoa Lavender 1kg (Chai),SUNLIGHT NLS Tinh Dầu Thảo Mộc H Hoa Lavender,1.0,kg,Chai
SUNLIGHT Nước Lau Đa Năng Chanh & Sả 500ml (Cái),SUNLIGHT Nước Lau Đa Năng Chanh & Sả,500.0,ml,Cái
VIM tẩy rửa trắng sáng hương chanh sả 870ml (Chai),VIM tẩy rửa trắng sáng hương chanh sả,870.0,ml,Chai
VIM vệ sinh xanh biển 500ml (Chai),VIM vệ sinh xanh biển,500.0,ml,Chai
VIM vệ sinh xanh biển 880ml (Chai),VIM vệ sinh xanh biển,880.0,ml,Chai
LUX Sữa Tắm Hương Hoa Thiên Điểu 570g (Chai),LUX Sữa Tắm Hương Hoa Thiên Điểu,570.0,g,Chai
LUX xà bông cục Hương Phong Lan Quyến Rũ 105g (Bánh),LUX xà bông cục Hương Phong Lan Quyến Rũ,105.0,g,Bánh
LBF xà bông cục bảo vệ vượt trội 125g (Bánh),LBF xà bông cục bảo vệ vượt trội,125.0,g,Bánh
LFB LIFEBUOY Xà Bông Cục Matcha & Khổ Qua 125g (Cái),LFB LIFEBUOY Xà Bông Cục Matcha & Khổ Qua,125.0,g,Cái
LFB LIFEBUOY sữa tắm bảo vệ vượt trội 350g (Cái),LFB LIFEBUOY sữa tắm bảo vệ vượt trội,350.0,g,Cái
LFB Sữa Tắm Trà Xanh Khổ Qua 800G (Chai),LFB Sữa Tắm Trà Xanh Khổ Qua,800.0,g,Chai
LFB nước rửa tay bạc bảo vệ 180g (Cái),LFB nước rửa tay bạc bảo vệ,180.0,g,Cái
LFB sữa tắm vượt trội 10 1.1kg (Cái),LFB sữa tắm vượt trội 10,1.1,kg,Cái
LFB xà bông cục bảo vệ vượt trội 90g (Bánh),LFB xà bông cục bảo vệ vượt trội,90.0,g,Bánh
LIFEBOUY Nước Rửa Tay Vitamin Bảo Vệ Vượt Trội 4kg (Chai),LIFEBOUY Nước Rửa Tay Vitamin Bảo Vệ Vượt Trội,4.0,kg,Chai
DOVE Dầu Gội BIOTIN Ngăn Gãy Rụng Tóc 6g (Dây),DOVE Dầu Gội BIOTIN Ngăn Gãy Rụng Tóc,6.0,g,Dây
DOVE Dầu Gội CERAMIDE Phục Hồi Hư Tổn 6g (Dây),DOVE Dầu Gội CERAMIDE Phục Hồi Hư Tổn,6.0,g,Dây
DOVE Kem Xả Serum BIOTIN Ngăn Gãy Rụng Tóc 6g (Dây),DOVE Kem Xả Serum BIOTIN Ngăn Gãy Rụng Tóc,6.0,g,Dây
CLEAR Dầu Gội 9 Thảo Dược Cổ Truyền 6g (Gói),CLEAR Dầu Gội 9 Thảo Dược Cổ Truyền,6.0,g,Gói
CLEAR Dầu Gội Mát Lạnh Bạc Hà 6g (Gói),CLEAR Dầu Gội Mát Lạnh Bạc Hà,6.0,g,Gói
CLEAR Dầu Gội Sạch Gàu Gừng Và Hoa Cúc 6g (Dây),CLEAR Dầu Gội Sạch Gàu Gừng Và Hoa Cúc,6.0,g,Dây
CLEAR MEN Dầu Gội Mát Lạnh Bạc Hà 5g (Gói),CLEAR MEN Dầu Gội Mát Lạnh Bạc Hà,5.0,g,Gói
CLEAR MEN Dầu Gội Mát Lạnh Bạc Hà 630g (Chai),CLEAR MEN Dầu Gội Mát Lạnh Bạc Hà,630.0,g,Chai
CLEAR dầu gội mát lạnh bạc hà 630g (Chai),CLEAR dầu gội mát lạnh bạc hà,630.0,g,Chai
SSK SUNSILK Dầu Gội Mềm Mượt Diệu Kỳ Vàng 6g (Gói),SSK SUNSILK Dầu Gội Mềm Mượt Diệu Kỳ Vàng,6.0,g,Gói
SSK SUNSILK Dầu Gội Ngăn Gãy Rụng Tóc Xanh 380ml (Chai),SSK SUNSILK Dầu Gội Ngăn Gãy Rụng Tóc Xanh,380.0,ml,Chai
SSK SUNSILK Dầu Xả Mềm Mượt Diệu Kỳ Vàng 6g (Gói),SSK SUNSILK Dầu Xả Mềm Mượt Diệu Kỳ Vàng,6.0,g,Gói
SSK SUNSILK Dầu Xả Óng Mượt Rạng Ngời Đen 6g (Gói),SSK SUNSILK Dầu Xả Óng Mượt Rạng Ngời Đen,6.0,g,Gói
KĐR P/S Trà Xanh 180g (Cái),KĐR P/S Trà Xanh,180.0,g,Cái
P/S KĐR Thảo Dược 150g (Tuýp),P/S KĐR Thảo Dược,150.0,g,Tuýp
PS KĐR bảo vệ 123 180g (Tuýp),PS KĐR bảo vệ 123,180.0,g,Tuýp
CLOSEUP KĐR Bạc Hà Thơm Mát 180g (Tuýp),CLOSEUP KĐR Bạc Hà Thơm Mát,180.0,g,Tuýp
CLOSEUP Bàn Chải Đánh Răng Precision Clean (Cái),CLOSEUP Bàn Chải Đánh Răng Precision Clean,,,Cái
P/S BCĐR Lông Tơ Mềm Mại (Cái),P/S BCĐR Lông Tơ Mềm Mại,,,Cái
P/S BCĐR Trẻ Em Superkid (Cái),P/S BCĐR Trẻ Em Superkid,,,Cái
P/S Bàn Chải Đánh Răng Muối Tre (Cái),P/S Bàn Chải Đánh Răng Muối Tre,,,Cái
KNORR Nước mắm ngon tròn vị 750ml + dầu ăn 400ml(Bộ),KNORR Nước mắm ngon tròn vị + dầu ăn 400ml,750.0,ml,Bộ
KNORR tương ớt cay đậm 220g (Cái),KNORR tương ớt cay đậm,220.0,g,Cái
Marika Bánh Marika Bơ tươi 48P (Cái),Marika Bánh Marika Bơ tươi 48P,,,Cái
BOOM Kẹo Boom Me Lak 25g (Cái),BOOM Kẹo Boom Me Lak,25.0,g,Cái
OST BánhOStar PMaiTrMuối 30g (Cái),OST BánhOStar PMaiTrMuối,30.0,g,Cái
Ajinomoto 454g (Gói),Ajinomoto,454.0,g,Gói
Bia Heineken 330ml (Lon),Bia Heineken,330.0,ml,Lon
Bánh mì Staff sandwich 275g (Gói),Bánh mì Staff sandwich,275.0,g,Gói
Bánh mỳ chà bông Staff 60g (Gói),Bánh mỳ chà bông Staff,60.0,g,Gói
Bánh que Toppo nhân SCL 40g (Hộp),Bánh que Toppo nhân SCL,40.0,g,Hộp
Bột pho mai Yary 150g (Lọ),Bột pho mai Yary,150.0,g,Lọ
CLOSEUP KĐR Trắng Răng Muối Biển 180g(Hộp),CLOSEUP KĐR Trắng Răng Muối Biển,180.0,g,Hộp
COCA - COLA giảm đường bình 1.5l (Chai),COCA - COLA giảm đường bình,1.5,l,Chai
Clear Men DG mát lạnh bạc hà 900g (Chai),Clear Men DG mát lạnh bạc hà,900.0,g,Chai
DOVE dầu gội dưỡng tóc bồng bềnh 640g (Chai),DOVE dầu gội dưỡng tóc bồng bềnh,640.0,g,Chai
Dove DX Phục hồi tóc hư tổn tuýp 170g (Tuýp),Dove DX Phục hồi tóc hư tổn tuýp,170.0,g,Tuýp
Dầu hào Cholimex 820g (Chai),Dầu hào Cholimex,820.0,g,Chai
Dầu hào Maggi 350g (Chai),Dầu hào Maggi,350.0,g,Chai
HASU NLS HASU lyly 3.6kg (Can),HASU NLS HASU lyly,3.6,kg,Can
HASU Nước lau kính 650ml (Chai),HASU Nước lau kính,650.0,ml,Chai
HAZELINE Sữa Tắm Fragrance HươngSữaGạo HoaBưởi 800g (Cái),HAZELINE Sữa Tắm Fragrance HươngSữaGạo HoaBưởi,800.0,g,Cái
HS tẩy canxi Hasu 500ml (Chai),HS tẩy canxi Hasu,500.0,ml,Chai
Hasu Giấy ăn 1000g (Gói),Hasu Giấy ăn,1000.0,g,Gói
Hazeline gel rửa mặt tràm trà rau má 50g (Tuýp),Hazeline gel rửa mặt tràm trà rau má,50.0,g,Tuýp
Knorr gia vị hoàn chỉnh cá kho riềng 28g (Cái),Knorr gia vị hoàn chỉnh cá kho riềng,28.0,g,Cái
Kẹo Esprezzo Vanilla Coffee 150g (Gói),Kẹo Esprezzo Vanilla Coffee,150.0,g,Gói
Kẹo dẻo Haribo Goldbears 80g (Gói),Kẹo dẻo Haribo Goldbears,80.0,g,Gói
Kẹo dẻo Haribo Starmix 80g (Gói),Kẹo dẻo Haribo Starmix,80.0,g,Gói
Kẹo dẻo Haribo Worms 100g (Cái),Kẹo dẻo Haribo Worms,100.0,g,Cái
Kẹo gum lotte Fusen no mi hương cam 14g (Hộp),Kẹo gum lotte Fusen no mi hương cam,14.0,g,Hộp
Lá Kim cuốn cơm O\'Food 10g (Gói),Lá Kim cuốn cơm O\'Food,10.0,g,Gói
Muối chấm hảo hảo tôm chua cay 120g (Lọ),Muối chấm hảo hảo tôm chua cay,120.0,g,Lọ
Mì hảo hảo handy tôm chua cay 67g (Cốc),Mì hảo hảo handy tôm chua cay,67.0,g,Cốc
Mật ong nghệ phấn hoa 280g (Lọ),Mật ong nghệ phấn hoa,280.0,g,Lọ
Mật ong sữa chúa Hoa Bốn Mùa 230ml (Lọ),Mật ong sữa chúa Hoa Bốn Mùa,230.0,ml,Lọ
NG ZESTY clean hương oải hương túi 3.6kg (Túi),NG ZESTY clean hương oải hương túi,3.6,kg,Túi
Nui cao cấp Meizan 200g (Túi),Nui cao cấp Meizan,200.0,g,Túi
Nước 7 up Rivive 500ml (Chai),Nước 7 up Rivive,500.0,ml,Chai
Nước Tẩy Trắng Quần Áo Javel Sutiki 500ml (Cái),Nước Tẩy Trắng Quần Áo Javel Sutiki,500.0,ml,Cái
Nước chấm 3 miền cá cơm 800ml (Cái),Nước chấm 3 miền cá cơm,800.0,ml,Cái
Nước dừa cốt tắc VNM 330ml (Hộp),Nước dừa cốt tắc VNM,330.0,ml,Hộp
Nước gạo buổi sáng Morning Rice 500ml (Chai),Nước gạo buổi sáng Morning Rice,500.0,ml,Chai
Nước hồng trà C2 vị đào chai 455ml (Chai),Nước hồng trà C2 vị đào chai,455.0,ml,Chai
Nước khoáng Faith chanh muối có ga 355ml (Chai),Nước khoáng Faith chanh muối có ga,355.0,ml,Chai
Nước lau sàn Sutiki hương thanh trúc chiết xuất bươi tươi 3.6kg (Cái),Nước lau sàn Sutiki hương thanh trúc chiết xuất bươi tươi,3.6,kg,Cái
Nước mắm nam ngư nhãn vàng 650ml (Chai),Nước mắm nam ngư nhãn vàng,650.0,ml,Chai
Nước trà xanh C2 chanh tuyết Bạc Hà 455ml (Chai),Nước trà xanh C2 chanh tuyết Bạc Hà,455.0,ml,Chai
Nước trà xanh C2 hương chanh 355ml (Chai),Nước trà xanh C2 hương chanh,355.0,ml,Chai
Nước trà xanh C2 hương chanh 455ml (Chai),Nước trà xanh C2 hương chanh,455.0,ml,Chai
Nước trà xanh C2 hương táo 355ml (Chai),Nước trà xanh C2 hương táo,355.0,ml,Chai
Nước tương Chinsu nấm Shiitake MB 330ml (Chai),Nước tương Chinsu nấm Shiitake MB,330.0,ml,Chai
Nước tương Maggi đậm đặc 300ml (Chai),Nước tương Maggi đậm đặc,300.0,ml,Chai
OMO BG Đỏ 1.15kg (Cái),OMO BG Đỏ,1.15,kg,Cái
OMO NG Cho Quần Áo Bé Yêu 3.6kg (Túi),OMO NG Cho Quần Áo Bé Yêu,3.6,kg,Túi
OMO NG Cửa Trên sạch sâu vượt trội 3.1kg (Cái),OMO NG Cửa Trên sạch sâu vượt trội,3.1,kg,Cái
Omo BG đỏ hương thơm mát giặt tay 5.3kg (Gói),Omo BG đỏ hương thơm mát giặt tay,5.3,kg,Gói
Omo NG giữ màu cửa trên túi 3.6kg (Túi),Omo NG giữ màu cửa trên túi,3.6,kg,Túi
Omo NG matic cửa trên sạch thơm vượt trội túi 3.7kg (Cái),Omo NG matic cửa trên sạch thơm vượt trội túi,3.7,kg,Cái
P/S KĐR Baking Soda & Hương Thảo 180g (Tuýp),P/S KĐR Baking Soda & Hương Thảo,180.0,g,Tuýp
P/S KĐR Bé Ngoan Hương Dâu 35g (Cái),P/S KĐR Bé Ngoan Hương Dâu,35.0,g,Cái
P/S KĐR Ngừa Sâu Răng Vượt Trội 100g (Tuýp),P/S KĐR Ngừa Sâu Răng Vượt Trội,100.0,g,Tuýp
P/S KĐR Ngừa Sâu Răng Vượt Trội 180g (Ống),P/S KĐR Ngừa Sâu Răng Vượt Trội,180.0,g,Ống
Phở Vifon thịt bò 120g (Tô),Phở Vifon thịt bò,120.0,g,Tô
Rong biển giòn trộn hải sản O\'Food 40g (Gói),Rong biển giòn trộn hải sản O\'Food,40.0,g,Gói
"Rong biển giòn trộn óc chó, hạnh nhân O\'Food 40g (Gói)","Rong biển giòn trộn óc chó, hạnh nhân O\'Food",40.0,g,Gói
SUNLIGHT NRC Chanh túi 1.4kg (Cái),SUNLIGHT NRC Chanh túi,1.4,kg,Cái
SUNLIGHT NRC Thiên Nhiên Lô Hội 750g (Chai),SUNLIGHT NRC Thiên Nhiên Lô Hội,750.0,g,Chai
SUNLIGHT NRC Thiên Nhiên lô hội túi 3.3kg (Túi),SUNLIGHT NRC Thiên Nhiên lô hội túi,3.3,kg,Túi
SUNLIGHT NRC Thiên nhiên Gừng chai 750g (Chai),SUNLIGHT NRC Thiên nhiên Gừng chai,750.0,g,Chai
SUNLIGHT Nước Lau Kính Siêu Nhanh 520ml (Chai),SUNLIGHT Nước Lau Kính Siêu Nhanh,520.0,ml,Chai
SUTIKI NLS hương thanh trúc chiết xuất bưởi tươi 950g (Chai),SUTIKI NLS hương thanh trúc chiết xuất bưởi tươi,950.0,g,Chai
SUTIKI Nước tẩy bồn cầu và nhà tắm XANH chai 750ml (Chai),SUTIKI Nước tẩy bồn cầu và nhà tắm XANH chai,750.0,ml,Chai
Sunlight NRC chanh 750g (Chai),Sunlight NRC chanh,750.0,g,Chai
Sunsilk DG ngăn rụng tóc vương vấn NH 650g (Chai),Sunsilk DG ngăn rụng tóc vương vấn NH,650.0,g,Chai
Sunsilk DG vàng mềm mượt diệu kỳ 320g (Cái),Sunsilk DG vàng mềm mượt diệu kỳ,320.0,g,Cái
Sunsilk DG đen óng mượt rạng ngời 320g (Cái),Sunsilk DG đen óng mượt rạng ngời,320.0,g,Cái
Sunsilk DX mềm mượt diệu kỳ 640g (Chai),Sunsilk DX mềm mượt diệu kỳ,640.0,g,Chai
"Sunsilk DX ngăn rụng tóc, vương vấn NH 320g (Tuýp)","Sunsilk DX ngăn rụng tóc, vương vấn NH",320.0,g,Tuýp
Sunsilk DX đen óng mượt rạng ngời 320g (Chai),Sunsilk DX đen óng mượt rạng ngời,320.0,g,Chai
Sutiki Nước tẩy bồn cầu và nhà tắm đen chai 750ml (Chai),Sutiki Nước tẩy bồn cầu và nhà tắm đen chai,750.0,ml,Chai
Sữa bịch vinamilk ca cao 220ml (Bịch),Sữa bịch vinamilk ca cao,220.0,ml,Bịch
Sữa dinh dưỡng không đường VNM túi 220ml (Túi),Sữa dinh dưỡng không đường VNM túi,220.0,ml,Túi
Sữa Ông Thọ trắng380g (Hộp),Sữa Ông Thọ trắng,380.0,g,Hộp
Sữa đậu nành Fami Go vị đậu đỏ nếp cẩm 200ml (Hộp),Sữa đậu nành Fami Go vị đậu đỏ nếp cẩm,200.0,ml,Hộp
Thiên Hùng yến sào đường phèn lọ 70ml (Hũ),Thiên Hùng yến sào đường phèn lọ,70.0,ml,Hũ
Thạch rau câu Kimiko túi 450g (Túi),Thạch rau câu Kimiko túi,450.0,g,Túi
Thạch rau câu bổ sung Canxi Long Hải 500g (Gói),Thạch rau câu bổ sung Canxi Long Hải,500.0,g,Gói
Trà Cozy tắc mật ong 455ml (Chai),Trà Cozy tắc mật ong,455.0,ml,Chai
Trà Cozy vải 455ml (Chai),Trà Cozy vải,455.0,ml,Chai
Trà Cozy ổi hồng 455ml (Chai),Trà Cozy ổi hồng,455.0,ml,Chai
Trà sữa Kirin Latte hương dâu 440ml (Chai),Trà sữa Kirin Latte hương dâu,440.0,ml,Chai
Trà sữa Kirin Latte hương đào 440ml (Chai),Trà sữa Kirin Latte hương đào,440.0,ml,Chai
Trà đào sả COZY 455ml (Chai),Trà đào sả COZY,455.0,ml,Chai
Tẩy WC okay (hồng) 960ml (Chai),Tẩy WC okay (hồng),960.0,ml,Chai
VIM trắng sáng Lavender và than hoạt tính 870ml (Chai),VIM trắng sáng Lavender và than hoạt tính,870.0,ml,Chai
Xả vải khô Zesty hồng chai 100ml (Chai),Xả vải khô Zesty hồng chai,100.0,ml,Chai
MILO Uong Lien 12 MOI KM 110ml (Hộp),MILO Uong Lien 12 MOI KM,110.0,ml,Hộp
NESCAFE 3in1 Rang Dam Hop 24 16g (Hộp),NESCAFE 3in1 Rang Dam Hop 24,16.0,g,Hộp
NESCAFE CAFE VIET HOP 24 16g  (Hộp),NESCAFE CAFE VIET HOP 24,16.0,g,Hộp
Sua Lua Mach NESTLE MILO  Moi 110ml (Hộp),Sua Lua Mach NESTLE MILO Moi,110.0,ml,Hộp
Sua Lua Mach NESTLE MILO  180ml Moi 180ml (Hộp),Sua Lua Mach NESTLE MILO Moi 180ml,180.0,ml,Hộp
TPBS Sua Lua Mach Nestle MILO A2 110ml (Hộp),TPBS Sua Lua Mach Nestle MILO A2,110.0,ml,Hộp
Comfort NX HNH thiên nhiên quyến rũ 20ml (Gói),Comfort NX HNH thiên nhiên quyến rũ,20.0,ml,Gói
Kun sữa chua uống lên men hương cam 110ml (Hộp),Kun sữa chua uống lên men hương cam,110.0,ml,Hộp
STTT ít đường Vinamilk 180ml (Hộp),STTT ít đường Vinamilk,180.0,ml,Hộp
Sữa bắp non LOF 180ml (Hộp),Sữa bắp non LOF,180.0,ml,Hộp
Sữa chua uống Kun hương táo xoài chai 85ml (Hộp),Sữa chua uống Kun hương táo xoài chai,85.0,ml,Hộp
Sữa trái cây Lif Kun hương nho 180ml (Hộp),Sữa trái cây Lif Kun hương nho,180.0,ml,Hộp
P/S KĐR Trắng Răng Than Hoạt Tính & Tre 180g (Tuýp),P/S KĐR Trắng Răng Than Hoạt Tính & Tre,180.0,g,Tuýp
BÁNH C-PIE 12P LESSSYGAR_7Y25 (Hộp),BÁNH C-PIE 12P LESSSYGAR_7Y25,,,Hộp
Bánh Custas 06P (Hộp),Bánh Custas 06P,,,Hộp
Bánh Custas 12P (Hộp),Bánh Custas 12P,,,Hộp
Bánh Custas  LessSugar 12P (Hộp),Bánh Custas LessSugar 12P,,,Hộp
Bánh Goute 4P (Hộp),Bánh Goute 4P,,,Hộp
Bánh Goute Cre Đậu Phộng 16P (Hộp),Bánh Goute Cre Đậu Phộng 16P,,,Hộp
Bánh Ăn Sáng CEST 8P (Gói),Bánh Ăn Sáng CEST 8P,,,Gói
Bánh ĂnSáng Gà CEST 5P (Gói),Bánh ĂnSáng Gà CEST 5P,,,Gói
BánhĂnSángCEST SW PM 6P (Gói),BánhĂnSángCEST SW PM 6P,,,Gói
Hộp Quà Tặng OPERA 16P (Hộp),Hộp Quà Tặng OPERA 16P,,,Hộp
Sting Hương vị Việt Quất Lon 320ml (Lon),Sting Hương vị Việt Quất Lon,320.0,ml,Lon
Găng tay THSH GREEN ECO (size XL)  (Hộp),Găng tay THSH GREEN ECO (size XL),,,Hộp
Găng tay TPE STAHAUS (size M) (HỘP),Găng tay TPE STAHAUS (size M),,,HỘP
Đùi tỏi rán K&U-L  (Gói),Đùi tỏi rán K&U-L,,,Gói
A3 BG gói 3KG (Gói),A3 BG gói,3.0,kg,Gói
A3 BG gói 4.2KG (Gói),A3 BG gói,4.2,kg,Gói
A3 BG gói 5.5KG (Gói),A3 BG gói,5.5,kg,Gói
AFC LUA MI 172g (Hộp),AFC LUA MI,172.0,g,Hộp
AFC RAU 172g (Hộp),AFC RAU,172.0,g,Hộp
AMBI Xịt phòng hương hoa tươi mát chai 300ml (Chai),AMBI Xịt phòng hương hoa tươi mát chai,300.0,ml,Chai
AMBI sáp thơm Hương DNY đam mê lọ 180g (Lọ),AMBI sáp thơm Hương DNY đam mê lọ,180.0,g,Lọ
ARIEL T SEN NHAI CN 3.05Kg (Túi),ARIEL T SEN NHAI CN,3.05,kg,Túi
Aji Tẩm bột khô chiên giòn (Túi),Aji Tẩm bột khô chiên giòn,,,Túi
Aquafina Chai nhựa 1500ml (Chai),Aquafina Chai nhựa,1500.0,ml,Chai
Aquafina Chai nhựa 5000ml(Can),Aquafina Chai nhựa,5000.0,ml,Can
Aquafina Chai nhựa 500ml (Chai),Aquafina Chai nhựa,500.0,ml,Chai
Aquafina chai nhựa 355ml (Chai),Aquafina chai nhựa,355.0,ml,Chai
Ariel BG hương downy đam mê 3.6 Kg (Gói),Ariel BG hương downy đam mê,3.6,kg,Gói
Ariel BG hương nắng mai 4.0 Kg (Gói),Ariel BG hương nắng mai,4.0,kg,Gói
Ariel BG hương nắng mai 5.2 kg (Gói),Ariel BG hương nắng mai,5.2,kg,Gói
BVS Diana ST Cool Fresh SM K.Cánh (Cái),BVS Diana ST Cool Fresh SM K.Cánh,,,Cái
BVS Glee combo ngày đêm 20M (Gói),BVS Glee combo ngày đêm 20M,,,Gói
BVS SS Than hoạt tính SMC 8miếng (Cái),BVS SS Than hoạt tính SMC 8miếng,,,Cái
Bia Tiger Crystal SLK Ctn 330ml (Lon),Bia Tiger Crystal SLK Ctn,330.0,ml,Lon
Bia Tuborg lon 330ml (Lon),Bia Tuborg lon,330.0,ml,Lon
"Bim Bim Que Tăm Đậu 0,35Kg (Gói)",Bim Bim Que Tăm Đậu,0.35,kg,Gói
Boss cà Phê sữa Lon 235ml (Lon),Boss cà Phê sữa Lon,235.0,ml,Lon
Bvs LAU đêm 35cm (Gói),Bvs LAU đêm 35cm,,,Gói
BÁNH CHOCOPIE 36.3G*12P (Hộp),BÁNH CHOCOPIE *12P,36.3,g,Hộp
BÁNH CHOCOPIE 36.3G*6P (Hộp),BÁNH CHOCOPIE *6P,36.3,g,Hộp
BÁNH CHẢ LÁ CHANH KIM BẢO 300g (Gói),BÁNH CHẢ LÁ CHANH KIM BẢO,300.0,g,Gói
BÁNH GATO (Gói),BÁNH GATO,,,Gói
BÁNH GẠO POCA LÀNG GẠO VỊ PHÔ MAI 108g (Gói),BÁNH GẠO POCA LÀNG GẠO VỊ PHÔ MAI,108.0,g,Gói
BÁNH NHÃN - GIÒN  (Gói),BÁNH NHÃN - GIÒN,,,Gói
BÁNH TRỨNG HỘP GIẤY TIPO 39g (Hộp),BÁNH TRỨNG HỘP GIẤY TIPO,39.0,g,Hộp
Bài rồng (Bộ),Bài rồng,,,Bộ
Bàn chải Lipzo Ruby sensi (Cái),Bàn chải Lipzo Ruby sensi,,,Cái
Bàn chải Lipzo áo dài (Cái),Bàn chải Lipzo áo dài,,,Cái
Bàn chải cao cấp Max X (Cái),Bàn chải cao cấp Max X,,,Cái
Bàn chải cao cấp Ruby Pro (Cái),Bàn chải cao cấp Ruby Pro,,,Cái
Bàn chải cao cấp Áo dài Pro (Cái),Bàn chải cao cấp Áo dài Pro,,,Cái
Bàn chải giặt (Cái),Bàn chải giặt,,,Cái
Bánh Bống Bang Choco 5P (Gói),Bánh Bống Bang Choco 5P,,,Gói
Bánh Bống Bang Choco 8P (Hộp),Bánh Bống Bang Choco 8P,,,Hộp
Bánh CChip BƠ 35g (Gói),Bánh CChip BƠ,35.0,g,Gói
Bánh CChip CAY 35g (Gói),Bánh CChip CAY,35.0,g,Gói
Bánh Chocopie 2p (Hộp),Bánh Chocopie 2p,,,Hộp
Bánh GaBT MBCraft 35g (Gói),Bánh GaBT MBCraft,35.0,g,Gói
Bánh Goute 15P (Hộp),Bánh Goute 15P,,,Hộp
Bánh Gạo An BBQ 14P (Gói),Bánh Gạo An BBQ 14P,,,Gói
Bánh Gạo An Vừng 12P (Gói),Bánh Gạo An Vừng 12P,,,Gói
Bánh Gạo An-Chà Bông 14P (Gói),Bánh Gạo An-Chà Bông 14P,,,Gói
Bánh Gạo An-Tảo 22P (Gói),Bánh Gạo An-Tảo 22P,,,Gói
Bánh Gạo An-Tự Nhiên 21P (Gói),Bánh Gạo An-Tự Nhiên 21P,,,Gói
Bánh Hura Deli Hương cốm dừa Bibica (Hộp),Bánh Hura Deli Hương cốm dừa Bibica,,,Hộp
Bánh MBoyTôm 35g (Hộp),Bánh MBoyTôm,35.0,g,Hộp
Bánh MBoyTảo 35g (Hộp),Bánh MBoyTảo,35.0,g,Hộp
Bánh Mandu thịt bằm KK 350g (Gói),Bánh Mandu thịt bằm KK,350.0,g,Gói
Bánh OStar Tảo 55g (Gói),Bánh OStar Tảo,55.0,g,Gói
Bánh OStar Tự Nhiên_55g (Gói),Bánh OStar Tự Nhiên_,55.0,g,Gói
Bánh OSxSW2MIXPIZZA 30g (Gói),Bánh OSxSW2MIXPIZZA,30.0,g,Gói
Bánh Snack V/UA Size (Gói),Bánh Snack V/UA Size,,,Gói
Bánh Swing Bò 33g (Gói),Bánh Swing Bò,33.0,g,Gói
Bánh Swing Bò 55g (Gói),Bánh Swing Bò,55.0,g,Gói
Bánh TAYOX TrMuối 28g (Gói),Bánh TAYOX TrMuối,28.0,g,Gói
Bánh TAYOX Tảo Ngọt 28g (Gói),Bánh TAYOX Tảo Ngọt,28.0,g,Gói
Bánh TNS_CAYMXC 32g (Gói),Bánh TNS_CAYMXC,32.0,g,Gói
Bánh TNS_PM 32 (Gói),Bánh TNS_PM 32,,,Gói
Bánh gạo An CốmFest 12P (Gói),Bánh gạo An CốmFest 12P,,,Gói
Bánh gạo An-Ngô 16P (Gói),Bánh gạo An-Ngô 16P,,,Gói
Bánh gạo sữa vị phô mai 240g (Gói),Bánh gạo sữa vị phô mai,240.0,g,Gói
Bánh quy chấm kem socola tổng hợp nhiều vị (Hộp),Bánh quy chấm kem socola tổng hợp nhiều vị,,,Hộp
Bánh trứng Custas Orion 2P (Hộp),Bánh trứng Custas Orion 2P,,,Hộp
BánhGạo An Ktay Pmai 14P (Gói),BánhGạo An Ktay Pmai 14P,,,Gói
BánhGạoAn-Tảo 14P (Gói),BánhGạoAn-Tảo 14P,,,Gói
BánhGạoAn-TựNhiên 14P (Gói),BánhGạoAn-TựNhiên 14P,,,Gói
Bánh OSxSW2MIXPIZZA 50g (Gói),Bánh OSxSW2MIXPIZZA,50.0,g,Gói
Bánh OSxSW2MIXPMCAY 30g (Gói),Bánh OSxSW2MIXPMCAY,30.0,g,Gói
Bánh OSxSW2MIXPMCAY 50g (Gói),Bánh OSxSW2MIXPMCAY,50.0,g,Gói
Bánh ĂnSáng CEST 8P (Gói),Bánh ĂnSáng CEST 8P,,,Gói
Bánh ĂnSángCEST 5P (Gói),Bánh ĂnSángCEST 5P,,,Gói
"Bình Xịt Muỗi,Gián Jumbo (Chai)","Bình Xịt Muỗi,Gián Jumbo",,,Chai
Bông tai giấy hộp tròn Newborn 200que (Hộp),Bông tai giấy hộp tròn Newborn 200que,,,Hộp
Bông tai thân trúc muối biển New life gói 100 (Gói),Bông tai thân trúc muối biển New life gói 100,,,Gói
Bông tai thân trúc muối biển New life gói 200 (Gói),Bông tai thân trúc muối biển New life gói 200,,,Gói
Bông tẩy trang EVEDA túi 80 (Gói),Bông tẩy trang EVEDA túi 80,,,Gói
Bông tẩy trang tròn CZ2 (Cái),Bông tẩy trang tròn CZ2,,,Cái
Bút chì khúc Comiko CC091 (Chiếc),Bút chì khúc Comiko CC091,,,Chiếc
Bút dạ nước 18 màu (Vỉ),Bút dạ nước 18 màu,,,Vỉ
Bút gel EG057-BK màu đen 0.5mm (Chiếc),Bút gel EG057-BK màu đen 0.5mm,,,Chiếc
Băng dính nhỏ (Cuộn),Băng dính nhỏ,,,Cuộn
Băng dính trong 3P (Cuộn),Băng dính trong 3P,,,Cuộn
Bật lửa 3K (Cái),Bật lửa 3K,,,Cái
Bật lửa hoa việt (Chiếc),Bật lửa hoa việt,,,Chiếc
Bật lửa khò (Chiếc),Bật lửa khò,,,Chiếc
Bật lửa thống nhất (Chiếc),Bật lửa thống nhất,,,Chiếc
Bắp nếp non sấy (Gói),Bắp nếp non sấy,,,Gói
BỘ QUÀ TẾT AN TÀI LỘC 1 6hộp (Hộp),BỘ QUÀ TẾT AN TÀI LỘC 1 6hộp,,,Hộp
BỘ QUÀ TẾT AN TÀI LỘC 3 4hộp (Hộp),BỘ QUÀ TẾT AN TÀI LỘC 3 4hộp,,,Hộp
Bột chiên gà giòn 100g (Gói),Bột chiên gà giòn,100.0,g,Gói
Bột chiên ngô khoai (Gói),Bột chiên ngô khoai,,,Gói
Bột giặt Ariel 620g (Gói),Bột giặt Ariel,620.0,g,Gói
Bột nghệ (Lọ),Bột nghệ,,,Lọ
Bột ớt (Lọ),Bột ớt,,,Lọ
CDM LUP VN (20X48X11G) (Cái),CDM LUP VN (20X48X),11.0,g,Cái
CDM Milk (12x24x34G) (Cái),CDM Milk (12x24x),34.0,g,Cái
CDM Roast Almond (12x24x32G) (Cái),CDM Roast Almond (12x24x),32.0,g,Cái
COMFORT NX CSCS HNH Thiên Nhiên Diệu Kỳ túi 3.1L (Túi),COMFORT NX CSCS HNH Thiên Nhiên Diệu Kỳ túi,3.1,l,Túi
COMFORT NX CSCS HNH Thiên Nhiên Quyến Rũ 3.1L  (Túi),COMFORT NX CSCS HNH Thiên Nhiên Quyến Rũ,3.1,l,Túi
COSY NUT CHOCO OAT 135g (Cái),COSY NUT CHOCO OAT,135.0,g,Cái
Cafe G7 3 in1 gói 50g (Hộp),Cafe G7 3 in1 gói,50.0,g,Hộp
Cheese Dessert (Hộp(BlueBerry)),Cheese Dessert (Hộp(BlueBerry)),,,
Cherry (Khay),Cherry,,,Khay
Cherry Úc (Kg),Cherry Úc,,,Kg
Chân giò hầm thuốc bắc (Hộp),Chân giò hầm thuốc bắc,,,Hộp
Chân gà Cung Đình (Gói),Chân gà Cung Đình,,,Gói
Chân gà Dachi Food vị thường (Gói),Chân gà Dachi Food vị thường,,,Gói
Chân gà bigger loại 2 chân (Gói),Chân gà bigger loại 2 chân,,,Gói
Chân gà đế vương (Cái),Chân gà đế vương,,,Cái
Chân gà ớt rừng (Cái),Chân gà ớt rừng,,,Cái
Chân gà ủ thượng hạng rút xương (Cái),Chân gà ủ thượng hạng rút xương,,,Cái
Chì màu nhựa 12 màu EC112-12 (Hộp),Chì màu nhựa 12 màu EC112-12,,,Hộp
CleanZ viên giặt xả hộp 16v (Hộp),CleanZ viên giặt xả hộp 16v,,,Hộp
Combo hộp 4 viên thả bồn cầu CleanZ (Hộp),Combo hộp 4 viên thả bồn cầu CleanZ,,,Hộp
Cosy Banh Que Choco 117.6g (Cái),Cosy Banh Que Choco,117.6,g,Cái
Cosy Bánh Quy Bơ TC Socola 390g (Hộp),Cosy Bánh Quy Bơ TC Socola,390.0,g,Hộp
Cosy Bánh Quy Bơ TC Vị Bơ Sữa 390g (Hộp),Cosy Bánh Quy Bơ TC Vị Bơ Sữa,390.0,g,Hộp
Cung Đình Kool BBQ hương vị sườn nướng kiểu Hàn Quốc 12 thố (Hộp),Cung Đình Kool BBQ hương vị sườn nướng kiểu Hàn Quốc 12 thố,,,Hộp
Cung Đình Kool Spaghetti 12 thố (Hộp),Cung Đình Kool Spaghetti 12 thố,,,Hộp
Cung Đình mì khoai tây hương vị Bò hầm 30 gói (Gói),Cung Đình mì khoai tây hương vị Bò hầm 30 gói,,,Gói
Cung Đình mì khoai tây hương vị Gà hầm 12 thố (Bát),Cung Đình mì khoai tây hương vị Gà hầm 12 thố,,,Bát
Cung Đình mì khoai tây hương vị Lẩu tôm chua cay 24 ly (Ly),Cung Đình mì khoai tây hương vị Lẩu tôm chua cay 24 ly,,,Ly
Cung Đình mì khoai tây hương vị Lẩu tôm chua cay 30 gói (Gói),Cung Đình mì khoai tây hương vị Lẩu tôm chua cay 30 gói,,,Gói
Cung Đình mì khoai tây hương vị Thịt hầm nấm 24 ly (Ly),Cung Đình mì khoai tây hương vị Thịt hầm nấm 24 ly,,,Ly
Cung Đình mì khoai tây hương vị Thịt hầm nấm 30 gói (Gói),Cung Đình mì khoai tây hương vị Thịt hầm nấm 30 gói,,,Gói
Cung Đình mì khoai tây hương vị sườn heo hầm măng 12 thố (Bát),Cung Đình mì khoai tây hương vị sườn heo hầm măng 12 thố,,,Bát
Cung Đình mì khoai tây hương vị sườn heo hầm măng 24 ly (Ly),Cung Đình mì khoai tây hương vị sườn heo hầm măng 24 ly,,,Ly
Cung Đình mì khoai tây hương vị sườn heo hầm măng 30 gói (Gói),Cung Đình mì khoai tây hương vị sườn heo hầm măng 30 gói,,,Gói
Cung Đình phở bò Hà Nội 30 gói (Gói),Cung Đình phở bò Hà Nội 30 gói,,,Gói
Cà phê G7 2in Hộp 15 gói (Hộp),Cà phê G7 2in Hộp 15 gói,,,Hộp
Cà phê G7 3in1 Hộp 21 gói (Hộp),Cà phê G7 3in1 Hộp 21 gói,,,Hộp
Cà phê Legend Cappuccino Hazelnut - H12st (Hộp),Cà phê Legend Cappuccino Hazelnut - H12st,,,Hộp
"Cá Thiều Que 0,25Kg(Gói)",Cá Thiều Que,0.25,kg,Gói
Cơm nắm (Cái),Cơm nắm,,,Cái
Cọ sắt (CÁI),Cọ sắt,,,CÁI
Cốc giấy 6oz (Dây),Cốc giấy 6oz,,,Dây
Cốc giấy 7Oz (Dây),Cốc giấy 7Oz,,,Dây
Cốc giấy trắng (Cái),Cốc giấy trắng,,,Cái
Cốc giấy vietcup (TÚI),Cốc giấy vietcup,,,TÚI
DIANA Cool Fresh hàng ngày 20m (Cái),DIANA Cool Fresh hàng ngày 20m,,,Cái
DIANA sensi hàng ngày kháng khuẩn 20m (Cái),DIANA sensi hàng ngày kháng khuẩn 20m,,,Cái
DOVE ST Serum Tái Tạo Độ Ẩm 500g (Chai),DOVE ST Serum Tái Tạo Độ Ẩm,500.0,g,Chai
Dao tem Croma Stabil (Hộp),Dao tem Croma Stabil,,,Hộp
Diana Sensi siêu mỏng cánh 20m (Cái),Diana Sensi siêu mỏng cánh 20m,,,Cái
Diana Siêu thấm Siêu mỏng cánh (Gói),Diana Siêu thấm Siêu mỏng cánh,,,Gói
Diana SuperNight 3 miếng 35cm (Cái),Diana SuperNight 3 miếng 35cm,,,Cái
Diana sensi Coolfesh siêu mỏng cánh 20m (Cái),Diana sensi Coolfesh siêu mỏng cánh 20m,,,Cái
Diana sensi Coolfresh đêm SMC 4m 29cm (Cái),Diana sensi Coolfresh đêm SMC 4m 29cm,,,Cái
Diana sensi hàng ngày kháng khuẩn 8m (Cái),Diana sensi hàng ngày kháng khuẩn 8m,,,Cái
Diana siêu thấm siêu mỏng cánh 20 (Cái),Diana siêu thấm siêu mỏng cánh 20,,,Cái
Durex - Bao Cao Su Fetherlite 3S (Gói),Durex - Bao Cao Su Fetherlite 3S,,,Gói
Durex - Bao Cao Su Pleasuremax 3S (Gói),Durex - Bao Cao Su Pleasuremax 3S,,,Gói
Durex - Bao Cao Su Sensual Strawberry 3S (Gói),Durex - Bao Cao Su Sensual Strawberry 3S,,,Gói
Dâu VIP (Hộp),Dâu VIP,,,Hộp
Dây dầu xả Dove serum phục hồi hư tổn 17255 (Gói),Dây dầu xả Dove serum phục hồi hư tổn 17255,,,Gói
Dầu gạo lứt Coba 1L (Chai),Dầu gạo lứt Coba,1.0,l,Chai
Dầu simply hướng dương 1L (Chai),Dầu simply hướng dương,1.0,l,Chai
Dầu ăn cao cấp Meizan Gold 1L (Chai),Dầu ăn cao cấp Meizan Gold,1.0,l,Chai
Dầu ăn thượng hạng Neptune Light 5L (Can),Dầu ăn thượng hạng Neptune Light,5.0,l,Can
Dầu đậu nành Coba 1L (Chai),Dầu đậu nành Coba,1.0,l,Chai
Dầu đậu nành Meizan 1L (Chai),Dầu đậu nành Meizan,1.0,l,Chai
Dầu đậu nành Simply 1L (Chai),Dầu đậu nành Simply,1.0,l,Chai
FANTA CREAM SC SF SAVING PACK 320ml (Cái),FANTA CREAM SC SF SAVING PACK,320.0,ml,Cái
FANTA GRAPE SC SF SAVING PACK 320ml (Cái),FANTA GRAPE SC SF SAVING PACK,320.0,ml,Cái
FUZE TEA LEMONGRASS 1L (Cái),FUZE TEA LEMONGRASS,1.0,l,Cái
FUZE TEA LEMONGRASS Chanh xả 450ML (Chai),FUZE TEA LEMONGRASS Chanh xả,450.0,ml,Chai
GEORGIA MAX COFFEE CARTON 180ml (Lon),GEORGIA MAX COFFEE CARTON,180.0,ml,Lon
Ghim dập e0010N (Hộp),Ghim dập e0010N,,,Hộp
Gia vị thuốc bắc gà tần (Gói),Gia vị thuốc bắc gà tần,,,Gói
Giấy bạc cuộn dài (CUỘN),Giấy bạc cuộn dài,,,CUỘN
Giấy phân trang 5 màu W7154 (Tệp),Giấy phân trang 5 màu W7154,,,Tệp
Giấy rút đa năng Hasu gói 1280 tờ (Gói),Giấy rút đa năng Hasu gói 1280 tờ,,,Gói
Giấy rút đa năng LUMINA 1280 tờ (Gói),Giấy rút đa năng LUMINA 1280 tờ,,,Gói
Giấy vệ sinh Hasu 12 cuộn (Dây),Giấy vệ sinh Hasu 12 cuộn,,,Dây
Giấy vệ sinh cuộn công nghiệp 1Kg (Cuộn),Giấy vệ sinh cuộn công nghiệp,1.0,kg,Cuộn
Gum HD white 15 vỉ (Vỉ),Gum HD white 15 vỉ,,,Vỉ
Gáo đại tay (Cái),Gáo đại tay,,,Cái
Găng cao su cầu vồng mini (ĐÔI),Găng cao su cầu vồng mini,,,ĐÔI
Găng cầu vồng dài (ĐÔI),Găng cầu vồng dài,,,ĐÔI
Găng cầu vồng trung (ĐÔI),Găng cầu vồng trung,,,ĐÔI
HASU NG LOVELY FOR BABAY 2.6L (Can),HASU NG LOVELY FOR BABAY,2.6,l,Can
HASU NLS Lyly 1L (Chai),HASU NLS Lyly,1.0,l,Chai
HASUKOOK dầu đậu nành NK Nga can 5L (Can),HASUKOOK dầu đậu nành NK Nga can,5.0,l,Can
HASUKOOK dầu đậu nành NK Nga chai 1L (Chai),HASUKOOK dầu đậu nành NK Nga chai,1.0,l,Chai
HS Nến đôi T01 hoa Thái không lá 2 cốc (Hộp),HS Nến đôi T01 hoa Thái không lá 2 cốc,,,Hộp
HS01 – Đại Lộc Khai Niên (Set),HS01 – Đại Lộc Khai Niên,,,Set
HS02 – Tân Niên Hồng Phát (Set),HS02 – Tân Niên Hồng Phát,,,Set
HS03 - Tấn Tài Tấn Lộc (Set),HS03 - Tấn Tài Tấn Lộc,,,Set
HS04 - Kim Tài Phát Vượng (Set),HS04 - Kim Tài Phát Vượng,,,Set
HS07- Mã Đáo Thành Công (Set),HS07- Mã Đáo Thành Công,,,Set
HS11-HỒNG TỬU KHAI XUÂN (Set),HS11-HỒNG TỬU KHAI XUÂN,,,Set
HS12-AN KHANG PHÚC KHỞI (Túi),HS12-AN KHANG PHÚC KHỞI,,,Túi
HS13-CÁT HỶ VIÊN MÃN (Túi),HS13-CÁT HỶ VIÊN MÃN,,,Túi
HS14-THANH NHÀN TỰ TẠI (Túi),HS14-THANH NHÀN TỰ TẠI,,,Túi
HS15-NGỌT LÀNH SUM VẦY (Set),HS15-NGỌT LÀNH SUM VẦY,,,Set
HS16-AN VỊ ĐỦ ĐẦY (Set),HS16-AN VỊ ĐỦ ĐẦY,,,Set
HS17-TỤ HỶ CÁT TƯỜNG (Set),HS17-TỤ HỶ CÁT TƯỜNG,,,Set
HS18-HỒNG LỘC KHAI XUÂN (Set),HS18-HỒNG LỘC KHAI XUÂN,,,Set
HS19-HỒNG TỬU KHAI XUÂN(ver2) (Set),HS19-HỒNG TỬU KHAI XUÂN(ver2),,,Set
HS20-NGŨ VỊ SUM VẦY (Set),HS20-NGŨ VỊ SUM VẦY,,,Set
HS21-NGŨ VỊ SUM VẦY(ver2) (Set),HS21-NGŨ VỊ SUM VẦY(ver2),,,Set
HS22-NGŨ VỊ TINH HOA (Set),HS22-NGŨ VỊ TINH HOA,,,Set
HS23-NGŨ VỊ TINH HOA(ver2) (Set),HS23-NGŨ VỊ TINH HOA(ver2),,,Set
HS24-HẢO VỊ AN NHIÊN (Set),HS24-HẢO VỊ AN NHIÊN,,,Set
HS25-TỬU TÂM HỘI VỊ (Set),HS25-TỬU TÂM HỘI VỊ,,,Set
Hasu Giấy ăn rút cao cấp gói 500 tờ (Gói),Hasu Giấy ăn rút cao cấp gói 500 tờ,,,Gói
Hasucare khăn ướt gói 60 tờ (Gói),Hasucare khăn ướt gói 60 tờ,,,Gói
Hành Tây túi lưới (Cái),Hành Tây túi lưới,,,Cái
Hạnh nhân rang bơ thủy tinh bé (Lọ),Hạnh nhân rang bơ thủy tinh bé,,,Lọ
Hạt dẻ cười thủy tinh bé (Lọ),Hạt dẻ cười thủy tinh bé,,,Lọ
Hạt nêm Knorr từ thịt 1.8 kg (Gói),Hạt nêm Knorr từ thịt,1.8,kg,Gói
Hạt nêm Knorr từ thịt gói 170g (Gói),Hạt nêm Knorr từ thịt gói,170.0,g,Gói
Hảo hảo hương vị mì tôm chua cay 75g (Gói),Hảo hảo hương vị mì tôm chua cay,75.0,g,Gói
Hộp Quà CPIE Tết Ori Đậm (Hộp),Hộp Quà CPIE Tết Ori Đậm,,,Hộp
Hộp Quà CSTS Tết Ori Cốm (Hộp),Hộp Quà CSTS Tết Ori Cốm,,,Hộp
Hộp xe hoa nhiều màu (Cái),Hộp xe hoa nhiều màu,,,Cái
Hộp xe địa hình 6688 (Cái),Hộp xe địa hình 6688,,,Cái
Kem CHOCO MALT (Que),Kem CHOCO MALT,,,Que
Kem CHOCO MELT  (Que),Kem CHOCO MELT,,,Que
Kem CHOCOLATE CRISPY (Que),Kem CHOCOLATE CRISPY,,,Que
Kem CHOCOLATE SUNDAE (Ly),Kem CHOCOLATE SUNDAE,,,Ly
Kem CRISPY BALLS (Que),Kem CRISPY BALLS,,,Que
Kem FRUTYROLL (Que),Kem FRUTYROLL,,,Que
Kem MIKI - MIKI 35ml (Que),Kem MIKI - MIKI,35.0,ml,Que
Kem MILK CEREAL CRISPY (Cái),Kem MILK CEREAL CRISPY,,,Cái
Kem MILK MELON (Que),Kem MILK MELON,,,Que
Kem MOCHI DURIAN (Cái),Kem MOCHI DURIAN,,,Cái
Kem MOCHI MANGO (Cái),Kem MOCHI MANGO,,,Cái
Kem MOCHI PEACH (Cái),Kem MOCHI PEACH,,,Cái
Kem MOONG BEAN KACANG IJO (Que),Kem MOONG BEAN KACANG IJO,,,Que
Kem SEMANGKA (Que),Kem SEMANGKA,,,Que
Kem STRAWBERRY (Que),Kem STRAWBERRY,,,Que
Kem STRAWBERRY CRISPY 90ml (Que),Kem STRAWBERRY CRISPY,90.0,ml,Que
Kem STRAWBERRY SUNDAE (Ly),Kem STRAWBERRY SUNDAE,,,Ly
Kem SWEET CORN (Que),Kem SWEET CORN,,,Que
Keo 502 (LỌ),Keo 502,,,LỌ
Khay bạc (Túi),Khay bạc,,,Túi
Khoai Tây 20k (Gói(Khoai Tây Classic)),Khoai Tây 20k (Gói(Khoai Tây Classic)),,,
Khoai Tây Bi to (Gói),Khoai Tây Bi to,,,Gói
Khoai lang kén (Gói),Khoai lang kén,,,Gói
Khô bò xé sợi fansipan  (Gói),Khô bò xé sợi fansipan,,,Gói
Khăn Giấy Rút Gấu Cao Cấp Hasu 300 Tờ (Gói),Khăn Giấy Rút Gấu Cao Cấp Hasu 300 Tờ,,,Gói
Khăn Tắm 50*100mm (Cái),Khăn Tắm 50*100mm,,,Cái
Khăn giấy rút cao cấp Hoa đào Hasu gói 300 tờ (Gói),Khăn giấy rút cao cấp Hoa đào Hasu gói 300 tờ,,,Gói
Khăn lau đa năng to sz 35*75mm (Cái),Khăn lau đa năng to sz 35*75mm,,,Cái
Khăn mặt 28*46mm (Cái),Khăn mặt 28*46mm,,,Cái
Khăn đa năng màu bé (CÁI),Khăn đa năng màu bé,,,CÁI
Khăn đa năng trắng (Cái),Khăn đa năng trắng,,,Cái
Khăn ướt Niva 100 tờ (Cái),Khăn ướt Niva 100 tờ,,,Cái
Khẩu trang 5D (Gói),Khẩu trang 5D,,,Gói
Khẩu trang 6A (Gói),Khẩu trang 6A,,,Gói
Khẩu trang niva trẻ em hộp (Hộp),Khẩu trang niva trẻ em hộp,,,Hộp
Kun Hương Cam 85ml (Chai),Kun Hương Cam,85.0,ml,Chai
Kéo văn phòng E6009 180mm (Chiếc),Kéo văn phòng E6009 180mm,,,Chiếc
KẸO DẺO KING CHUN 25g (Gói),KẸO DẺO KING CHUN,25.0,g,Gói
KẸO DỒI NĐP TRÒN 220g (Gói),KẸO DỒI NĐP TRÒN,220.0,g,Gói
KẸO HỌNG QUẤT MẬT ONG 84g (Gói),KẸO HỌNG QUẤT MẬT ONG,84.0,g,Gói
KẸO LẠC 10 THANH TO 220g (Gói),KẸO LẠC 10 THANH TO,220.0,g,Gói
Kẹo ALP Hương dâu kem  (Thỏi),Kẹo ALP Hương dâu kem,,,Thỏi
Kẹo ALP Hương sữa caramen  (Thỏi),Kẹo ALP Hương sữa caramen,,,Thỏi
Kẹo Golia Active plus (Thỏi),Kẹo Golia Active plus,,,Thỏi
Kẹo dẻo Boom DÂY Dâu 25g (Gói),Kẹo dẻo Boom DÂY Dâu,25.0,g,Gói
Kẹo dẻo Boom DÂY Nho 25g (Gói),Kẹo dẻo Boom DÂY Nho,25.0,g,Gói
Kẹo dẻo Boom DÂY Đào 25g (Gói),Kẹo dẻo Boom DÂY Đào,25.0,g,Gói
Kẹo dẻo BoomChanhDây 24g (Gói),Kẹo dẻo BoomChanhDây,24.0,g,Gói
Kẹo mè xửng túi Kim Thành (Gói),Kẹo mè xửng túi Kim Thành,,,Gói
Kẹo mút CC ChấmMút Dâu (Gói),Kẹo mút CC ChấmMút Dâu,,,Gói
Kẹo mềm sugus trái cây ly 48 thanh (Thanh),Kẹo mềm sugus trái cây ly 48 thanh,,,Thanh
Kẹo ngậm DM peppermint tuýp 35 viên (Lọ),Kẹo ngậm DM peppermint tuýp 35 viên,,,Lọ
Kẹo nhai MT Bạc hà 16thỏi (Thỏi),Kẹo nhai MT Bạc hà 16thỏi,,,Thỏi
Kẹo sing-gum CAME hũ 100 viên (Lọ),Kẹo sing-gum CAME hũ 100 viên,,,Lọ
Kẹo sing-gum CAME hũ 40 viên (Lọ),Kẹo sing-gum CAME hũ 40 viên,,,Lọ
Kẹo sing-gum CAME ly  (Cái),Kẹo sing-gum CAME ly,,,Cái
Kẹo sing-gum DMPP hũ 40 viên (Lọ),Kẹo sing-gum DMPP hũ 40 viên,,,Lọ
KẹodẻoBoomDây XoàiỚt 23.5g (Gói),KẹodẻoBoomDây XoàiỚt,23.5,g,Gói
LACTACYD DDVSPN ODOR FRESH 150ML (Cái),LACTACYD DDVSPN ODOR FRESH,150.0,ml,Cái
LC- Mực vòng chiên giòn 300G (Gói),LC- Mực vòng chiên giòn,300.0,g,Gói
LIPTON ICETEA CHANH_LY THUY TINH ONG HUT (Hộp),LIPTON ICETEA CHANH_LY THUY TINH ONG HUT,,,Hộp
LOTUS giấy rút cao cấp gói 300 tờ (Gói),LOTUS giấy rút cao cấp gói 300 tờ,,,Gói
LU Bánh Quy Bơ Thập Cẩm 180g (Hộp),LU Bánh Quy Bơ Thập Cẩm,180.0,g,Hộp
Lay\'s Tom Cang Dut Lo Pho Mai 32g (Gói),Lay\'s Tom Cang Dut Lo Pho Mai,32.0,g,Gói
Lay\'s Wavy vi Pho Mai Cheddar 30g (Gói),Lay\'s Wavy vi Pho Mai Cheddar,30.0,g,Gói
Lay\'s Wavy vi Than Bo Nuong Texas 30g (Gói),Lay\'s Wavy vi Than Bo Nuong Texas,30.0,g,Gói
Lay\'s vi Khoai Tay Tu Nhien Classic 30g (Gói),Lay\'s vi Khoai Tay Tu Nhien Classic,30.0,g,Gói
Lay\'s vi Suon Nuong BBQ Brazil 30g (Gói),Lay\'s vi Suon Nuong BBQ Brazil,30.0,g,Gói
Lay\'s vi Tao Bien Nori 30g (Gói),Lay\'s vi Tao Bien Nori,30.0,g,Gói
Lotte Xyliton Strawberry mint vỷ 11.6g (Vỉ),Lotte Xyliton Strawberry mint vỷ,11.6,g,Vỉ
Lovenose xịt thơm hương oải hương (Lọ),Lovenose xịt thơm hương oải hương,,,Lọ
Lovenose xịt thơm phòng hương dâu 320ml (Chai),Lovenose xịt thơm phòng hương dâu,320.0,ml,Chai
Lăn ngăn mùi bloom năng động 50ml (Cái),Lăn ngăn mùi bloom năng động,50.0,ml,Cái
Lưới rửa bát (CÁI),Lưới rửa bát,,,CÁI
Lưới rửa bát (Cái),Lưới rửa bát,,,Cái
Lưỡi dao nhỏ 2015 (Cái),Lưỡi dao nhỏ 2015,,,Cái
Lạc Nhân (Kg),Lạc Nhân,,,Kg
Lạp sưởng HN LC 500g (Gói),Lạp sưởng HN LC,500.0,g,Gói
MONSTER GREEN SLEEK CAN SF trắng 355ml (Cái),MONSTER GREEN SLEEK CAN SF trắng,355.0,ml,Cái
MTV-FF-2661A Gà Chiên Popcorn 1KG (Gói),MTV-FF-2661A Gà Chiên Popcorn,1.0,kg,Gói
Mi Soda Kem PET 1.5L (Cái),Mi Soda Kem PET,1.5,l,Cái
Mirinda Cam chai nhựa 330ml (Chai),Mirinda Cam chai nhựa,330.0,ml,Chai
Mirinda cam 300ml chai (Chai),Mirinda cam chai,300.0,ml,Chai
Miếng cọ rửa (Cái),Miếng cọ rửa,,,Cái
MÌ LYĂN LIỀN- MÌ BÒ HẦM VỊ CAY (Ly),MÌ LYĂN LIỀN- MÌ BÒ HẦM VỊ CAY,,,Ly
MÌ TÔ ĂN LIỀN- MÌ YEUL CAY (Tô),MÌ TÔ ĂN LIỀN- MÌ YEUL CAY,,,Tô
MÌ TÔ ĂN LIỀN-MÌ XỐT TƯƠNG ĐEN (Tô),MÌ TÔ ĂN LIỀN-MÌ XỐT TƯƠNG ĐEN,,,Tô
MÌ YEUL CAY 5gói (Gói),MÌ YEUL CAY 5gói,,,Gói
Màng bọc Duy Anh SG (HỘP),Màng bọc Duy Anh SG,,,HỘP
Máy sấy tóc Philips 1000W (Cái),Máy sấy tóc Philips 1000W,,,Cái
Mì Ly ShinCup 68g (Ly),Mì Ly ShinCup,68.0,g,Ly
Mì Shin Ramyun 120g (Gói),Mì Shin Ramyun,120.0,g,Gói
Mì Siukay Hương Vị Hải Sản (Gói),Mì Siukay Hương Vị Hải Sản,,,Gói
Mì Tô Shin 114g (Bát),Mì Tô Shin,114.0,g,Bát
Mì cân lẩu và xào Việt Nam (Gói),Mì cân lẩu và xào Việt Nam,,,Gói
Mũ ủ tóc khô Lensy (Cái),Mũ ủ tóc khô Lensy,,,Cái
Mật ong hoa rừng 375ml (Lọ),Mật ong hoa rừng,375.0,ml,Lọ
"Mực Cán Tẩm Vị 0,25Kg (Hộp)",Mực Cán Tẩm Vị,0.25,kg,Hộp
Mực cán tẩm Damex (Gói),Mực cán tẩm Damex,,,Gói
Mỳ trộn tương đen koreno chajang (Ly),Mỳ trộn tương đen koreno chajang,,,Ly
Mỳ xào hương vị bò bulgogi pho mai cay Koreno (Ly),Mỳ xào hương vị bò bulgogi pho mai cay Koreno,,,Ly
NRC SUTIKI Hương quế 3.6KG (Can),NRC SUTIKI Hương quế,3.6,kg,Can
NUTRIBOOST PET SF STRAWBERRY ENHANC Dâu 1L6 (Cái),NUTRIBOOST PET SF STRAWBERRY ENHANC Dâu 1L6,,,Cái
Nước Gạo Rang TH True Rice 300ml (Chai),Nước Gạo Rang TH True Rice,300.0,ml,Chai
Nước chấm ngon Ông Tây 15 chai nhựa 900ml (Chai),Nước chấm ngon Ông Tây 15 chai nhựa,900.0,ml,Chai
Nước giặt xả Zesty Clean Hương Huyền Bí 3.2Kg (Túi),Nước giặt xả Zesty Clean Hương Huyền Bí,3.2,kg,Túi
Nước giặt xả Zesty Clean Hương Ngàn Hoa 3.2Kg (Túi),Nước giặt xả Zesty Clean Hương Ngàn Hoa,3.2,kg,Túi
Nước giặt xả Zesty Clean Hương Đại Dương 3.2Kg (Túi),Nước giặt xả Zesty Clean Hương Đại Dương,3.2,kg,Túi
Nước giặt xả baby zesty 1KG (Chai),Nước giặt xả baby zesty,1.0,kg,Chai
Nước hoa mini (Lọ),Nước hoa mini,,,Lọ
Nước hoa xịt phòng PureAir hương hoa hồng (Cái),Nước hoa xịt phòng PureAir hương hoa hồng,,,Cái
Nước khoáng Lavie 0.35L (Chai),Nước khoáng Lavie,0.35,l,Chai
Nước khoáng Lavie 0.5L (Chai),Nước khoáng Lavie,0.5,l,Chai
Nước khoáng Lavie 1.5L (Chai),Nước khoáng Lavie,1.5,l,Chai
Nước tăng lực Redbull (Lon),Nước tăng lực Redbull,,,Lon
Nước xả Downy đam mê 2.5L(Túi),Nước xả Downy đam mê,2.5,l,Túi
Nước xả Downy nắng mai crown 2.6L(Túi),Nước xả Downy nắng mai crown,2.6,l,Túi
OREO BANH QUY SOCOLA 64.4g (Thỏi),OREO BANH QUY SOCOLA,64.4,g,Thỏi
OREO BANH QUY VANI 64.4g (Thỏi),OREO BANH QUY VANI,64.4,g,Thỏi
OST Bánh Ostar TựNhiên 35g (Gói),OST Bánh Ostar TựNhiên,35.0,g,Gói
Oreo Vanilla Activation 110.4g (Cái),Oreo Vanilla Activation,110.4,g,Cái
P/S BC Bảo Vệ 123  (Cây),P/S BC Bảo Vệ 123,,,Cây
P/S BC Muối Hồng (Cái),P/S BC Muối Hồng,,,Cái
P/S BC Trẻ Em Từ 7 Tuổi (Vỉ),P/S BC Trẻ Em Từ 7 Tuổi,,,Vỉ
P/S BCĐR Than Bạc  (Cây),P/S BCĐR Than Bạc,,,Cây
Pate cô Kim Loan (Hộp),Pate cô Kim Loan,,,Hộp
Pepsi Black Chanh Lon 320ml (Lon),Pepsi Black Chanh Lon,320.0,ml,Lon
Pepsi Chai nhựa 1500ml (Chai),Pepsi Chai nhựa,1500.0,ml,Chai
Pepsi Lon 235ml (Lon),Pepsi Lon,235.0,ml,Lon
Pepsi Lon 320ml (Lon),Pepsi Lon,320.0,ml,Lon
Pho mai que Era  14c (Hộp),Pho mai que Era 14c,,,Hộp
Phomai Mozza bào kg (Gói),Phomai Mozza bào kg,,,Gói
Phong bì Keo dán sẵn (TẬP),Phong bì Keo dán sẵn,,,TẬP
Phong bì loại ít (Túi),Phong bì loại ít,,,Túi
Pin Panasonic 2A vỉ 4 viên (Vỉ),Pin Panasonic 2A vỉ 4 viên,,,Vỉ
Pin Panasonic R6DT/4S-AA (Vỉ),Pin Panasonic R6DT/4S-AA,,,Vỉ
Pin Panasonic hyper LP (ĐÔI),Pin Panasonic hyper LP,,,ĐÔI
Pin con thỏ vỉ AA 4 viên (Vỉ),Pin con thỏ vỉ AA 4 viên,,,Vỉ
Poca Banh Phong Tom 29g (Gói),Poca Banh Phong Tom,29.0,g,Gói
Poca Dau phong da ca Nuoc cot dua 28g (Gói),Poca Dau phong da ca Nuoc cot dua,28.0,g,Gói
Poca Snack Hinh Cua vi Tao Bien Nori 30g (Gói),Poca Snack Hinh Cua vi Tao Bien Nori,30.0,g,Gói
Poca Snack Hinh Cua vi Thit Nuong BBQ 30g (Gói),Poca Snack Hinh Cua vi Thit Nuong BBQ,30.0,g,Gói
Poca vi Bo Luc Lac Promo 30g (Gói),Poca vi Bo Luc Lac Promo,30.0,g,Gói
Poca vi Ga Quay Da Gion Promo 30g (Gói),Poca vi Ga Quay Da Gion Promo,30.0,g,Gói
Poca vi Muc Cay Dac Biet Promo 30g (Gói),Poca vi Muc Cay Dac Biet Promo,30.0,g,Gói
Rổ hoa quả ovan 1066CC (Cái),Rổ hoa quả ovan 1066CC,,,Cái
Rổ trái cây viola (Cái),Rổ trái cây viola,,,Cái
SHIKA BÁNH MÌ TƯƠI KEM SỮA CHUA (Gói),SHIKA BÁNH MÌ TƯƠI KEM SỮA CHUA,,,Gói
SLIDE-CHEESE 145g (Cái),SLIDE-CHEESE,145.0,g,Cái
SON NIVEA DUONG AM 4.8g (Thỏi),SON NIVEA DUONG AM,4.8,g,Thỏi
SRM NIVEA MEN EXT.BRIGHT MUD 100g (Tuýp),SRM NIVEA MEN EXT.BRIGHT MUD,100.0,g,Tuýp
STC Dâu Mistori 110ml (hộp),STC Dâu Mistori,110.0,ml,hộp
STTT Có đường TH True Milk 1L (Hộp),STTT Có đường TH True Milk,1.0,l,Hộp
STTT Nguyên chất TH True Milk 1L (Hộp),STTT Nguyên chất TH True Milk,1.0,l,Hộp
STTT Ít đường TH True Milk 1L  (Hộp),STTT Ít đường TH True Milk,1.0,l,Hộp
SUTIKI NRC hương trà xanh túi 2.8Kg (Túi),SUTIKI NRC hương trà xanh túi,2.8,kg,Túi
Sauce xá xíu gói 70ml (Cái),Sauce xá xíu gói,70.0,ml,Cái
Set cơm lam thịt gác bếp (Set),Set cơm lam thịt gác bếp,,,Set
Slide Original 90g (Cái),Slide Original,90.0,g,Cái
Snack Lays Stax Khoai Tay Nuong vi Kem Chua va Hanh Tay 100g (Ống),Snack Lays Stax Khoai Tay Nuong vi Kem Chua va Hanh Tay,100.0,g,Ống
Snack Lays Stax Khoai Tay Nuong vi Muc Sot Cay 100g (Ống),Snack Lays Stax Khoai Tay Nuong vi Muc Sot Cay,100.0,g,Ống
Snack Lays Stax Khoai Tay Nuong vi Tom Hum Nuong ngũ vị 100g (Ống),Snack Lays Stax Khoai Tay Nuong vi Tom Hum Nuong ngũ vị,100.0,g,Ống
Snack Lays Stax Khoai Tay Nuong vi Tu Nhien 100g (Ống),Snack Lays Stax Khoai Tay Nuong vi Tu Nhien,100.0,g,Ống
Snack mái tôn (Gói),Snack mái tôn,,,Gói
Snack sò hành (Gói),Snack sò hành,,,Gói
St bloom xecxy (đỏ) (Chai),St bloom xecxy (đỏ),,,Chai
Sting Dâu tây đỏ Chai nhựa 330ml (Chai),Sting Dâu tây đỏ Chai nhựa,330.0,ml,Chai
Sting Vàng Chai nhựa 330ml (Chai),Sting Vàng Chai nhựa,330.0,ml,Chai
Sài gòn dưa lưới (Bao),Sài gòn dưa lưới,,,Bao
Sài gòn đào (Bao),Sài gòn đào,,,Bao
Sáp thơm AMBI  Hoa Hồng 180g (Hộp),Sáp thơm AMBI Hoa Hồng,180.0,g,Hộp
Sáp thơm AMBI  Oải Hương 180g (Hộp),Sáp thơm AMBI Oải Hương,180.0,g,Hộp
Sáp thơm AMBI  Thư giãn 180g (Hộp),Sáp thơm AMBI Thư giãn,180.0,g,Hộp
Sáp thơm Ambi  huyền bí 180g (Hộp),Sáp thơm Ambi huyền bí,180.0,g,Hộp
Sốt me chua ngọt (Cái),Sốt me chua ngọt,,,Cái
Sốt Ướp Thịt BBQ (Cái),Sốt Ướp Thịt BBQ,,,Cái
Sữa Nan Nga số 2 800g (Lon),Sữa Nan Nga số 2,800.0,g,Lon
Sữa hạnh nhân TH True NUT 180ml (Hộp),Sữa hạnh nhân TH True NUT,180.0,ml,Hộp
Sữa tươi KĐ VNM 1L (Hộp),Sữa tươi KĐ VNM,1.0,l,Hộp
TRÀ TẮC TỰ NHIÊN THTRUETEA 350ml (Chai),TRÀ TẮC TỰ NHIÊN THTRUETEA,350.0,ml,Chai
Tea+ Trà Ô Long Chai nhựa 450ml (Chai),Tea+ Trà Ô Long Chai nhựa,450.0,ml,Chai
Tea+ Trà Ô Long Chanh Chai nhựa 450ml (Chai),Tea+ Trà Ô Long Chanh Chai nhựa,450.0,ml,Chai
Thau Hasu 5.6 Tấc (Cái),Thau Hasu 5.6 Tấc,,,Cái
Thau hasu 3.2 Tấc (Cái),Thau hasu 3.2 Tấc,,,Cái
Thuốc Sài Gòn bấm xoài (Bao),Thuốc Sài Gòn bấm xoài,,,Bao
Thuốc lá 3 số (Bao),Thuốc lá 3 số,,,Bao
Thuốc lá Camel bấm TRà đen (Bao),Thuốc lá Camel bấm TRà đen,,,Bao
Thuốc lá Camel xanh vị dưa hấu 1 bấm (Bao),Thuốc lá Camel xanh vị dưa hấu 1 bấm,,,Bao
Thuốc lá Camel điếu nhỏ (Bao),Thuốc lá Camel điếu nhỏ,,,Bao
Thuốc lá Kent (Bao),Thuốc lá Kent,,,Bao
Thuốc lá Marlboro trắng (Bao),Thuốc lá Marlboro trắng,,,Bao
Thuốc lá Ngựa trắng (Bao),Thuốc lá Ngựa trắng,,,Bao
Thuốc lá Sài Gòn bạc hà xanh (Bao),Thuốc lá Sài Gòn bạc hà xanh,,,Bao
Thuốc lá Sài Gòn bạc trắng (Bao),Thuốc lá Sài Gòn bạc trắng,,,Bao
Thuốc lá Thăng Long Mềm (Bao),Thuốc lá Thăng Long Mềm,,,Bao
Thuốc lá Thăng Long bao cứng (Bao),Thuốc lá Thăng Long bao cứng,,,Bao
Thuốc lá Thăng Long bao dẹt (Bao),Thuốc lá Thăng Long bao dẹt,,,Bao
Thuốc lá Vinataba (Bao),Thuốc lá Vinataba,,,Bao
Thước kẻ màu cực quang 30cm  (Chiếc),Thước kẻ màu cực quang 30cm,,,Chiếc
Thạch sữa chua natty túi 432g (Gói),Thạch sữa chua natty túi,432.0,g,Gói
Thịt chưng mắm tép (Hộp),Thịt chưng mắm tép,,,Hộp
Thịt khô bò miếng BMM 170g (Hộp),Thịt khô bò miếng BMM,170.0,g,Hộp
Tipo Cracker Rau Củ Chà Bông 265g (Hộp),Tipo Cracker Rau Củ Chà Bông,265.0,g,Hộp
Tiêu (Kg),Tiêu,,,Kg
Tiêu lọ (Lọ),Tiêu lọ,,,Lọ
Trà Cozy Nhúng Dâu (Hộp),Trà Cozy Nhúng Dâu,,,Hộp
Trứng gà 10 quả (Quả),Trứng gà 10 quả,,,Quả
Trứng gà ăn liền Devi túi 10 quả - vị Cay (Quả),Trứng gà ăn liền Devi túi 10 quả - vị Cay,,,Quả
Trứng gà ăn liền Devi túi 10 quả - vị Thường (Quả),Trứng gà ăn liền Devi túi 10 quả - vị Thường,,,Quả
Trứng gà ăn liền Devi vị xì dầu túi 10 quả (Quả),Trứng gà ăn liền Devi vị xì dầu túi 10 quả,,,Quả
Trứng vịt 10 quả (Quả),Trứng vịt 10 quả,,,Quả
Twister Cam Lon 320ml (Lon),Twister Cam Lon,320.0,ml,Lon
Táo Đỏ Thủy Tinh Bé (Lọ),Táo Đỏ Thủy Tinh Bé,,,Lọ
Tô giấy có nắp (Cái),Tô giấy có nắp,,,Cái
Túi Zipper người lớn 200 que (Túi),Túi Zipper người lớn 200 que,,,Túi
Túi rác Family Deli (Bịch),Túi rác Family Deli,,,Bịch
Tăm chỉ nha khoa NAVI hộp 50 (Hộp),Tăm chỉ nha khoa NAVI hộp 50,,,Hộp
Tăm chỉ nha khoa NaVi túi 80 (Gói),Tăm chỉ nha khoa NaVi túi 80,,,Gói
Tăm cục tròn (Cuộn),Tăm cục tròn,,,Cuộn
Tăm vip Á Đông (Gói),Tăm vip Á Đông,,,Gói
"Tương ớt pet 2,1 Kg (Chai)",Tương ớt pet,2.1,kg,Chai
Tẩy màu hình kem 71122 (Chiếc),Tẩy màu hình kem 71122,,,Chiếc
V10516 Mì Bò Hầm Lốc 8 (Gói),V10516 Mì Bò Hầm Lốc 8,,,Gói
V10523 Mì Ly Ăn Liền -Mì Xốt Tương Đen (Ly),V10523 Mì Ly Ăn Liền -Mì Xốt Tương Đen,,,Ly
V10529 MÌ LY ĂN LIỀN- MÌ YEUL CAY (Ly),V10529 MÌ LY ĂN LIỀN- MÌ YEUL CAY,,,Ly
V10531 MÌ LY ĂN LIỀN- MÌ KIM CHI (Ly),V10531 MÌ LY ĂN LIỀN- MÌ KIM CHI,,,Ly
V10593 Mini Mì Trộn Phô Mai 75g (Gói),V10593 Mini Mì Trộn Phô Mai,75.0,g,Gói
V10623 MÌ TÔ ĂN LIỀN - MÌ JIN CAY (Bát),V10623 MÌ TÔ ĂN LIỀN - MÌ JIN CAY,,,Bát
VI CAN VANG+XANH FLEXI (12X1X24) (Cái),VI CAN VANG+XANH FLEXI (12X1X24),,,Cái
Viên Thả Lẩu Trộn Vị (Gói),Viên Thả Lẩu Trộn Vị,,,Gói
Vỉ 4 xe ô tô 3619 (Vỉ),Vỉ 4 xe ô tô 3619,,,Vỉ
XOÀI SẤY MUỐI ỚT KIM BẢO 200g (Gói),XOÀI SẤY MUỐI ỚT KIM BẢO,200.0,g,Gói
XX bi 500g (Gói),XX bi,500.0,g,Gói
Xe cẩu đại 81cái (Cái),Xe cẩu đại 81cái,,,Cái
Xe Ủi đại 72cái (Cái),Xe Ủi đại 72cái,,,Cái
XÀ BÔNG BLOOM NĂNG ĐỘNG (Cái),XÀ BÔNG BLOOM NĂNG ĐỘNG,,,Cái
Xúc xích lốc xoáy 500g (Gói),Xúc xích lốc xoáy,500.0,g,Gói
"Yến Nuvi chưng sâm ngọc linh, HỘP QUÀ 150ml (Cái)","Yến Nuvi chưng sâm ngọc linh, HỘP QUÀ",150.0,ml,Cái
"Yến Nuvi chưng đông trùng, HỘP QUÀ 150ml (Cái)","Yến Nuvi chưng đông trùng, HỘP QUÀ",150.0,ml,Cái
"Yến Nuvi chưng đông trùng, hũ 150ml (Cái)","Yến Nuvi chưng đông trùng, hũ",150.0,ml,Cái
"Yến Nuvi chưng đường phèn, HỘP QUÀ 70ml (Cái)","Yến Nuvi chưng đường phèn, HỘP QUÀ",70.0,ml,Cái
Yến mạch tròn Sữa Túi 250g (Túi),Yến mạch tròn Sữa Túi,250.0,g,Túi
Yến sào collagen (Lốc),Yến sào collagen,,,Lốc
ZESTY NG hương ngàn hoa can tím 5L (Can),ZESTY NG hương ngàn hoa can tím,5.0,l,Can
Bò kho xốt vang (Cái),Bò kho xốt vang,,,Cái
Bộ bài (Bộ),Bộ bài,,,Bộ
Gà ác tiềm thuốc bắc (Set),Gà ác tiềm thuốc bắc,,,Set
Hoa ngọc lan bột mỳ cao cấp (Cái),Hoa ngọc lan bột mỳ cao cấp,,,Cái
Nhíp vàng (Cái),Nhíp vàng,,,Cái
Pin panasonic AAA (Viên),Pin panasonic AAA,,,Viên
Viên thả lẩu trứng tôm (Túi),Viên thả lẩu trứng tôm,,,Túi
Áo mưa Ngọc Ánh trong suốt (CÁI),Áo mưa Ngọc Ánh trong suốt,,,CÁI
Áo mưa siêu bền (Bộ),Áo mưa siêu bền,,,Bộ
Điều tinh tuyển thủy tinh bé (Lọ),Điều tinh tuyển thủy tinh bé,,,Lọ
Điện thoại pikachu (Cái),Điện thoại pikachu,,,Cái
"Đũa kèm tăm, giấy (Gói)","Đũa kèm tăm, giấy",,,Gói
Đường Kinh trắng 1Kg (Gói),Đường Kinh trắng,1.0,kg,Gói
Đồ uống COKE 320ml (Lon),Đồ uống COKE,320.0,ml,Lon
đường phèn nguyên chất lam sơn (Gói),đường phèn nguyên chất lam sơn,,,Gói
Ống hút màu (Túi),Ống hút màu,,,Túi
AL Eclairs 63.7g (Gói),AL Eclairs,63.7,g,Gói
AL Jelly Biển xanh 24g (Gói),AL Jelly Biển xanh,24.0,g,Gói
AL Jelly Tim đào 24g (Gói),AL Jelly Tim đào,24.0,g,Gói
AL Kẹo Mềm Caramel và Sữa 206.5g (Gói),AL Kẹo Mềm Caramel và Sữa,206.5,g,Gói
AL Kẹo dẻo Tim Nho 24g (Gói),AL Kẹo dẻo Tim Nho,24.0,g,Gói
AMBI Xịt phòng hương chanh chai 300ml (Chai),AMBI Xịt phòng hương chanh chai,300.0,ml,Chai
ANDY Kẹo dẻo bắp nhân chảy to 900g (Gói),ANDY Kẹo dẻo bắp nhân chảy to,900.0,g,Gói
Ajinomoto 2kg (Gói),Ajinomoto,2.0,kg,Gói
Ambi Sáp thơm hương chanh 180g (Hộp),Ambi Sáp thơm hương chanh,180.0,g,Hộp
Andy Kẹo Xoài Chín bóc vỏ gói 400g (Gói),Andy Kẹo Xoài Chín bóc vỏ gói,400.0,g,Gói
Andy Kẹo dẻo xoài Chín cốt trái cây bóc vỏ 270g (Gói),Andy Kẹo dẻo xoài Chín cốt trái cây bóc vỏ,270.0,g,Gói
BIMUNICA sản phẩm tắm gội cho gia đình 500ml (Chai),BIMUNICA sản phẩm tắm gội cho gia đình,500.0,ml,Chai
Ba chỉ bò cuộn khay đen 500g (Khay),Ba chỉ bò cuộn khay đen,500.0,g,Khay
Ba Đình Kẹo S.C nhân trái cây kingfruits 800g (Gói),Ba Đình Kẹo S.C nhân trái cây kingfruits,800.0,g,Gói
Belgi Bánh Trứng sữa (KM 4 chiếc X20 túi) 250g (Gói),Belgi Bánh Trứng sữa (KM 4 chiếc X20 túi),250.0,g,Gói
Bia 333 lon 330ml (Lon),Bia 333 lon,330.0,ml,Lon
Bia Hà Nội Lon 330ml (Lon),Bia Hà Nội Lon,330.0,ml,Lon
Bia K Blanc lon 330ml (Lon),Bia K Blanc lon,330.0,ml,Lon
Bia Tiger xanh lon bạc Crystal lon cao 330ml (Cái),Bia Tiger xanh lon bạc Crystal lon cao,330.0,ml,Cái
Bia lon Budweiser 330ml (Lon),Bia lon Budweiser,330.0,ml,Lon
Bia lon Saigon Lager 330ml (Lon),Bia lon Saigon Lager,330.0,ml,Lon
Bia lon Trúc Bạch Sleek 330ml (Lon),Bia lon Trúc Bạch Sleek,330.0,ml,Lon
Bim bim Swing bò nướng tiêu đen 30g (Gói),Bim bim Swing bò nướng tiêu đen,30.0,g,Gói
Bim bim tăm cay lạc hồng vr2 25g (Gói),Bim bim tăm cay lạc hồng vr2,25.0,g,Gói
BÁNH TIPO KEM XỐP PHÔ MAI 300g (Hộp),BÁNH TIPO KEM XỐP PHÔ MAI,300.0,g,Hộp
Bánh BELGI trứng sữa mềm cốm dừa túi 230g (Gói),Bánh BELGI trứng sữa mềm cốm dừa túi,230.0,g,Gói
Bánh Belgi TS mềm socola 230g (Gói),Bánh Belgi TS mềm socola,230.0,g,Gói
Bánh Belgi TS mềm socola 230g (Túi),Bánh Belgi TS mềm socola,230.0,g,Túi
Bánh Belgi Vegetable and Cheese 278g (Gói),Bánh Belgi Vegetable and Cheese,278.0,g,Gói
Bánh Belgi trứng sữa mềm vị cốm dừa 230g (Gói),Bánh Belgi trứng sữa mềm vị cốm dừa,230.0,g,Gói
Bánh Creaker Popi 270g (Cái),Bánh Creaker Popi,270.0,g,Cái
Bánh Custas cốm 276g (Hộp),Bánh Custas cốm,276.0,g,Hộp
Bánh Danisa 200g (Hộp),Bánh Danisa,200.0,g,Hộp
Bánh Gạo Topokki Vị Cay ngọt 140g (Cái),Bánh Gạo Topokki Vị Cay ngọt,140.0,g,Cái
Bánh Gạo Topokki Vị Phomai 120g (Cái),Bánh Gạo Topokki Vị Phomai,120.0,g,Cái
Bánh Hạt Hình Thuyền 320g (Gói),Bánh Hạt Hình Thuyền,320.0,g,Gói
Bánh Kenju Kem dẻo 186g (Túi),Bánh Kenju Kem dẻo,186.0,g,Túi
Bánh Kenju vị tôm 192g (Gói),Bánh Kenju vị tôm,192.0,g,Gói
Bánh Khọt 270g (Gói),Bánh Khọt,270.0,g,Gói
Bánh Kita Cake kem bơ sữa 168g (Cái),Bánh Kita Cake kem bơ sữa,168.0,g,Cái
Bánh Lotte Chocolat 169.8g (Hộp),Bánh Lotte Chocolat,169.8,g,Hộp
Bánh Merry kem quế vị vani lon 200g (Hộp),Bánh Merry kem quế vị vani lon,200.0,g,Hộp
Bánh Nice hộp 264g (Cái),Bánh Nice hộp,264.0,g,Cái
Bánh Nice túi Vani 200g (Cái),Bánh Nice túi Vani,200.0,g,Cái
Bánh Pháp Challot HH túi 260g (Cái),Bánh Pháp Challot HH túi,260.0,g,Cái
Bánh Pháp Challot HH túi 260g (Gói),Bánh Pháp Challot HH túi,260.0,g,Gói
Bánh Sweetpie hộp âm dương 440g (Cái),Bánh Sweetpie hộp âm dương,440.0,g,Cái
Bánh TayoDip-Mayo 45g (Gói),Bánh TayoDip-Mayo,45.0,g,Gói
Bánh Toonies Choco 32g (Gói),Bánh Toonies Choco,32.0,g,Gói
Bánh Xốp Nabati vị phô mai 110g (Cái),Bánh Xốp Nabati vị phô mai,110.0,g,Cái
Bánh bông lan AXIANGQIN 360g (Gói),Bánh bông lan AXIANGQIN,360.0,g,Gói
Bánh calty quy bơ túi cam 90g (Túi),Bánh calty quy bơ túi cam,90.0,g,Túi
Bánh calty quy bơ túi dâu 90g (Túi),Bánh calty quy bơ túi dâu,90.0,g,Túi
Bánh chả zip to 310g (Gói),Bánh chả zip to,310.0,g,Gói
Bánh cookie hạnh nhân HT Richy lộc mã đáo_đỏ 156g (Hộp),Bánh cookie hạnh nhân HT Richy lộc mã đáo_đỏ,156.0,g,Hộp
Bánh cookies bơ thập Cẩm HT Richy_xanh 500g (Hộp),Bánh cookies bơ thập Cẩm HT Richy_xanh,500.0,g,Hộp
Bánh cookies bơ thập Cẩm HT Richy_đỏ 500g (Hộp),Bánh cookies bơ thập Cẩm HT Richy_đỏ,500.0,g,Hộp
Bánh cookies bơ thập cẩm HT Majestic hoa nhí_đỏ 310g (Hộp),Bánh cookies bơ thập cẩm HT Majestic hoa nhí_đỏ,310.0,g,Hộp
Bánh cookies bơ thập cẩm HT Majestic hoa nhí_vàng 310g (Hộp),Bánh cookies bơ thập cẩm HT Majestic hoa nhí_vàng,310.0,g,Hộp
Bánh cookies thập cẩm HT Majestic đồng tiền vàng 382g (Hộp),Bánh cookies thập cẩm HT Majestic đồng tiền vàng,382.0,g,Hộp
Bánh dừa Deli cà phê 165g (Gói),Bánh dừa Deli cà phê,165.0,g,Gói
Bánh dừa đậu phộng coconut Deli 170g (Gói),Bánh dừa đậu phộng coconut Deli,170.0,g,Gói
Bánh gạo Hàn Quốc 500g (Gói),Bánh gạo Hàn Quốc,500.0,g,Gói
Bánh gạo jinju Mật ong 100g (Gói),Bánh gạo jinju Mật ong,100.0,g,Gói
Bánh gạo sữa Miyaki 240g (Gói),Bánh gạo sữa Miyaki,240.0,g,Gói
Bánh gạo sữa Miyaki vị phomai 240g (Gói),Bánh gạo sữa Miyaki vị phomai,240.0,g,Gói
Bánh gạo sữa miyaki 240g (Gói),Bánh gạo sữa miyaki,240.0,g,Gói
Bánh gấu Koala Sô cô la 37g (Hộp),Bánh gấu Koala Sô cô la,37.0,g,Hộp
Bánh gọa sữa-vị sữa 112g (Gói),Bánh gọa sữa-vị sữa,112.0,g,Gói
Bánh hạt dinh dưỡng mix vị 206g (Gói),Bánh hạt dinh dưỡng mix vị,206.0,g,Gói
Bánh lương khô ăn kiêng 350g (Gói),Bánh lương khô ăn kiêng,350.0,g,Gói
Bánh mandu hải sản rau củ 350g (Gói),Bánh mandu hải sản rau củ,350.0,g,Gói
Bánh merry kem quế vị vani lon Đỏ 200g (Hộp),Bánh merry kem quế vị vani lon Đỏ,200.0,g,Hộp
Bánh mì Hamburger thịt bò ướp tiêu đen 85g (Gói(Bò Tiêu Đen)),Bánh mì Hamburger thịt bò ướp tiêu đen (Gói(Bò Tiêu Đen)),85.0,g,
Bánh mềm socala combo Pie 336g (Cái),Bánh mềm socala combo Pie,336.0,g,Cái
Bánh phồng tôm Sa Giang gói 100g (Gói),Bánh phồng tôm Sa Giang gói,100.0,g,Gói
Bánh que Toppo nhân kem dâu 40g (Hộp),Bánh que Toppo nhân kem dâu,40.0,g,Hộp
Bánh que choco choky phô mai 36g (Cái),Bánh que choco choky phô mai,36.0,g,Cái
Bánh que choco choky sầu riêng 36g (Gói),Bánh que choco choky sầu riêng,36.0,g,Gói
Bánh que choco choky trà xanh 36g (Gói),Bánh que choco choky trà xanh,36.0,g,Gói
Bánh que choco choky vị socola 36g (Gói),Bánh que choco choky vị socola,36.0,g,Gói
Bánh quy Kenju Nougat kem sữa HT Mã đáo Đỏ 217g (Hộp),Bánh quy Kenju Nougat kem sữa HT Mã đáo Đỏ,217.0,g,Hộp
Bánh quy Kenju rau củ túi 192g (Túi),Bánh quy Kenju rau củ túi,192.0,g,Túi
Bánh quy bơ Danisa 681g (Hộp),Bánh quy bơ Danisa,681.0,g,Hộp
Bánh quy rau củ HT (Richy lộc_vàng) 156g (Hộp),Bánh quy rau củ HT (Richy lộc_vàng),156.0,g,Hộp
Bánh quy rau củ HT (Richy lộc_xanh dương) 156g (Hộp),Bánh quy rau củ HT (Richy lộc_xanh dương),156.0,g,Hộp
Bánh quy đậu nành mè HG 120g (Hộp),Bánh quy đậu nành mè HG,120.0,g,Hộp
Bánh thập cẩm An Lộc HG Merry Đỏ 400g (Hộp),Bánh thập cẩm An Lộc HG Merry Đỏ,400.0,g,Hộp
Bánh thập cẩm Merry HT Mã đáo 334g (Hộp),Bánh thập cẩm Merry HT Mã đáo,334.0,g,Hộp
Bánh tráng Meizan 120g (Túi),Bánh tráng Meizan,120.0,g,Túi
Bánh trứng Tipo hộp 250g (Hộp),Bánh trứng Tipo hộp,250.0,g,Hộp
Bánh walys hộp 360g (Cái),Bánh walys hộp,360.0,g,Cái
Bánh đa cua tô 125g (Tô),Bánh đa cua tô,125.0,g,Tô
BánhCPIE Matcha 30g (Cái),BánhCPIE Matcha,30.0,g,Cái
"Bình xịt lưu hương chống thối chân, khử mùi giày XIMO 300ml (Chai)","Bình xịt lưu hương chống thối chân, khử mùi giày XIMO",300.0,ml,Chai
Bún bò huế 65g (Gói),Bún bò huế,65.0,g,Gói
Bún giò heo 65g (Gói),Bún giò heo,65.0,g,Gói
Bún khô Cao Bằng 500g (Túi),Bún khô Cao Bằng,500.0,g,Túi
Bún riêu cua 80g (Gói),Bún riêu cua,80.0,g,Gói
Bút xóa nước 12ml (Chiếc),Bút xóa nước,12.0,ml,Chiếc
Bơ thực vật cao cấp Meizan 200g (Hộp),Bơ thực vật cao cấp Meizan,200.0,g,Hộp
Bắp xóc mắm cay 200g (Gói),Bắp xóc mắm cay,200.0,g,Gói
Bỏng Ngô vị mật ong 110g (Cái),Bỏng Ngô vị mật ong,110.0,g,Cái
Bột Baking Soda 454g (Hộp),Bột Baking Soda,454.0,g,Hộp
Bột Lẩu Thái Aji-Quick 50g (Cái),Bột Lẩu Thái Aji-Quick,50.0,g,Cái
Bột bắp Meizan 150g (Gói),Bột bắp Meizan,150.0,g,Gói
Bột canh 14% 200g (Gói),Bột canh 14%,200.0,g,Gói
Bột canh Iốt H/C 190g (Gói),Bột canh Iốt H/C,190.0,g,Gói
Bột canh i-ốt Hải Châu 900g (Túi),Bột canh i-ốt Hải Châu,900.0,g,Túi
Bột chiên giòn Aji - Quick 150g (Gói),Bột chiên giòn Aji - Quick,150.0,g,Gói
Bột chiên giòn hiệu đồng tiền 1kg (Gói),Bột chiên giòn hiệu đồng tiền,1.0,kg,Gói
Bột ngọt AJI-NO-MOTO 1kg (Gói),Bột ngọt AJI-NO-MOTO,1.0,kg,Gói
Bột ngọt NT Vedan M 1000g (Gói),Bột ngọt NT Vedan M,1000.0,g,Gói
Bột rang muối 20g (Gói),Bột rang muối,20.0,g,Gói
Bột sắn dây Miền Bắc 500g (Túi),Bột sắn dây Miền Bắc,500.0,g,Túi
CC K.CaoSuThổi Play Tennis 18g (Thỏi),CC K.CaoSuThổi Play Tennis,18.0,g,Thỏi
CC K.Dẻo Sour Belt 1M 45g (Dây),CC K.Dẻo Sour Belt 1M,45.0,g,Dây
CC Kẹo Dẻo Cool Cola 24g (Gói),CC Kẹo Dẻo Cool Cola,24.0,g,Gói
CC Kẹo Dẻo MiniCrawlers 24g (Gói),CC Kẹo Dẻo MiniCrawlers,24.0,g,Gói
CC Kẹo Dẻo MiniTubes 24g (Gói),CC Kẹo Dẻo MiniTubes,24.0,g,Gói
CC Kẹo Dẻo Sour Belt 7g (Gói),CC Kẹo Dẻo Sour Belt,7.0,g,Gói
CC Kẹo Dẻo Sour Crawlers 90g (Gói),CC Kẹo Dẻo Sour Crawlers,90.0,g,Gói
CC Kẹo Dẻo SourBites 24g (Gói),CC Kẹo Dẻo SourBites,24.0,g,Gói
CC Kẹo Dẻo TopMix 24g (Gói),CC Kẹo Dẻo TopMix,24.0,g,Gói
CC Kẹo Mút Còi Thổi HươngDâu 15g (Cái),CC Kẹo Mút Còi Thổi HươngDâu,15.0,g,Cái
CC SourBelt Tết 105g (Hộp),CC SourBelt Tết,105.0,g,Hộp
CC kẹo mút Gum thổi hương cola 432g (Cái),CC kẹo mút Gum thổi hương cola,432.0,g,Cái
CC kẹo mút Gum thổi hương dâu 432g (Cái),CC kẹo mút Gum thổi hương dâu,432.0,g,Cái
CCBB K.CaoSu Thổi Tô Màu 27g (Hũ),CCBB K.CaoSu Thổi Tô Màu,27.0,g,Hũ
CCBB K.CsuThổi Shapeez 4.5g (Cái),CCBB K.CsuThổi Shapeez,4.5,g,Cái
CCBB Sploosh K.CaoSu thổi 3.4g (Cái),CCBB Sploosh K.CaoSu thổi,3.4,g,Cái
COSY Marie banh quy 240g (Cái),COSY Marie banh quy,240.0,g,Cái
Ca phe Highlands RTD Iced with milk 235ml (Lon),Ca phe Highlands RTD Iced with milk,235.0,ml,Lon
Cafe muối 20g (Hộp),Cafe muối,20.0,g,Hộp
Carlsberg Pilsner 330ml (Lon),Carlsberg Pilsner,330.0,ml,Lon
Cháo Sườn 70g (Gói),Cháo Sườn,70.0,g,Gói
Cháo Tươi Baby Cá Hồi & Cải Bó Xôi 240g (Cái),Cháo Tươi Baby Cá Hồi & Cải Bó Xôi,240.0,g,Cái
Cháo Tươi Baby Thịt Bằm Bí Đổ SGFood 240g (Cái),Cháo Tươi Baby Thịt Bằm Bí Đổ SGFood,240.0,g,Cái
Cháo Tươi Bò Đậu Đỏ 270g (Cái),Cháo Tươi Bò Đậu Đỏ,270.0,g,Cái
Cháo Tươi Cá Đậu Xanh 270g (Cái),Cháo Tươi Cá Đậu Xanh,270.0,g,Cái
Cháo Tươi Gà Cà Rốt 270g (Cái),Cháo Tươi Gà Cà Rốt,270.0,g,Cái
Cháo Tươi Thịt Thăn Rau Củ 270g (Cái),Cháo Tươi Thịt Thăn Rau Củ,270.0,g,Cái
Cháo thịt gà 70g (Gói),Cháo thịt gà,70.0,g,Gói
Cháo yến mạch Minh Trung lon 365g (Hộp),Cháo yến mạch Minh Trung lon,365.0,g,Hộp
Cháo đậu xanh Minh Trung 365g (Hộp),Cháo đậu xanh Minh Trung,365.0,g,Hộp
Chân giò xông khói 300g (300g),Chân giò xông khói,300.0,g,300g
Chân giò xông khói 450g (450g),Chân giò xông khói,450.0,g,450g
Chân gà Ponnie xốt cay 33g (Cái),Chân gà Ponnie xốt cay,33.0,g,Cái
Chân gà Ponnie xốt mật ong 33g (Cái),Chân gà Ponnie xốt mật ong,33.0,g,Cái
Chân gà bách thảo 40g (Cái),Chân gà bách thảo,40.0,g,Cái
Chân gà cay đóng gói hút chân không 80g (Gói),Chân gà cay đóng gói hút chân không,80.0,g,Gói
Chân gà nhất tâm Hey Yo 40g (Gói),Chân gà nhất tâm Hey Yo,40.0,g,Gói
Chân gà rút xương bà Tuyết 26g (Gói),Chân gà rút xương bà Tuyết,26.0,g,Gói
Chân gà rút xương sả tắc 26g (Cái),Chân gà rút xương sả tắc,26.0,g,Cái
Chả cá Hàn que 500g (Gói),Chả cá Hàn que,500.0,g,Gói
Chả cốm Hà Nội CP 500g (Gói),Chả cốm Hà Nội CP,500.0,g,Gói
Chả cốm non Ước lễ Việt 200g (200g),Chả cốm non Ước lễ Việt,200.0,g,200g
Chả giò tôm thịt 500g (Cái),Chả giò tôm thịt,500.0,g,Cái
Chả giò xốp 500g (Cái),Chả giò xốp,500.0,g,Cái
Chả giò xốp con tôm 500g (Cái),Chả giò xốp con tôm,500.0,g,Cái
Chả hải sản tẩm bột 450g (Gói),Chả hải sản tẩm bột,450.0,g,Gói
Chả quế Ước lễ 200g (200g),Chả quế Ước lễ,200.0,g,200g
Chả sụn Ước lễ 200g (200g),Chả sụn Ước lễ,200.0,g,200g
Creamer đặc có đường NSPN Xanh lá HG 380g (Hộp),Creamer đặc có đường NSPN Xanh lá HG,380.0,g,Hộp
Cung Đình hủ tiếu Nam Vang 30 gói Việt Nam 85g (Gói),Cung Đình hủ tiếu Nam Vang 30 gói Việt Nam,85.0,g,Gói
Cung Đình hủ tiếu sườn heo 30 gói Việt Nam 85g (Gói),Cung Đình hủ tiếu sườn heo 30 gói Việt Nam,85.0,g,Gói
Cà phê G7 2in1 15st 16g (Hộp),Cà phê G7 2in1 15st,16.0,g,Hộp
Cà phê G7 3in1 16g (Hộp),Cà phê G7 3in1,16.0,g,Hộp
Cà phê VCF 3in1 Gold Original 17g (Cái),Cà phê VCF 3in1 Gold Original,17.0,g,Cái
Cà phê Vinacafe sữa hòa tan 240g (Hộp),Cà phê Vinacafe sữa hòa tan,240.0,g,Hộp
Cà phê Wake up Hương chồn 17g (Hộp),Cà phê Wake up Hương chồn,17.0,g,Hộp
Cà phê sầu riêng 4IN1 324g (Hộp),Cà phê sầu riêng 4IN1,324.0,g,Hộp
Cá Hộp 3 cô gái 155g (Hộp),Cá Hộp 3 cô gái,155.0,g,Hộp
Cá ngừ ngâm dầu 185g (Cái),Cá ngừ ngâm dầu,185.0,g,Cái
Cá viên 220viên 500g (Gói),Cá viên 220viên,500.0,g,Gói
Cá viên 500g (Gói),Cá viên,500.0,g,Gói
Cá viên J&J 500g (Gói),Cá viên J&J,500.0,g,Gói
Cơm cháy chà bông 200g (Gói),Cơm cháy chà bông,200.0,g,Gói
DACHI chân gà 35g (Gói),DACHI chân gà,35.0,g,Gói
DOVE DX phục hồi hư tổn 610g (Chai),DOVE DX phục hồi hư tổn,610.0,g,Chai
DOVE ST dưỡng da chuyên sâu dây 6g (Gói),DOVE ST dưỡng da chuyên sâu dây,6.0,g,Gói
Da heo Lucky Star vị mắm hành 25g (Gói),Da heo Lucky Star vị mắm hành,25.0,g,Gói
Da heo Lucky Star vị tỏi ớt 25g (Gói),Da heo Lucky Star vị tỏi ớt,25.0,g,Gói
Dấm gạo Hà Phương 500ml (Chai),Dấm gạo Hà Phương,500.0,ml,Chai
Dấm thanh Angon 450ml (Chai),Dấm thanh Angon,450.0,ml,Chai
Dầu gội DL Nguyên Xuân đỏ 520g (Chai),Dầu gội DL Nguyên Xuân đỏ,520.0,g,Chai
Dầu gội DL Nguyên xuân bồng bềnh vàng 260g (Chai),Dầu gội DL Nguyên xuân bồng bềnh vàng,260.0,g,Chai
Dầu xả dược liệu Nguyên xuân bồng bềnh 300ml (Chai),Dầu xả dược liệu Nguyên xuân bồng bềnh,300.0,ml,Chai
Dầu ăn cao cấp Mezan Gold 400ml (Cái),Dầu ăn cao cấp Mezan Gold,400.0,ml,Cái
Dồi sụn 500g (500g),Dồi sụn,500.0,g,500g
ETU viên giặt 4in1 hương PERFUM 432g (Hộp),ETU viên giặt 4in1 hương PERFUM,432.0,g,Hộp
ETU viên giặt 5in1 hương THE NORTH ISLAND 450g (Hộp),ETU viên giặt 5in1 hương THE NORTH ISLAND,450.0,g,Hộp
Elvan Truffle hộp thiếc vuông 255g (Hộp),Elvan Truffle hộp thiếc vuông,255.0,g,Hộp
Fami Canxi ít đường 200ml (Hộp),Fami Canxi ít đường,200.0,ml,Hộp
Fami canxi hộp 200ml (Hộp),Fami canxi hộp,200.0,ml,Hộp
Fanta hương cam lon 320ml (Lon),Fanta hương cam lon,320.0,ml,Lon
Fondante Cửa sổ HT xanh 220g (Hộp),Fondante Cửa sổ HT xanh,220.0,g,Hộp
GN Zai Zai Thạch phô mai túi lưới 560g (Túi),GN Zai Zai Thạch phô mai túi lưới,560.0,g,Túi
Gia vị gà ủ muối hoa tiêu 85g (Gói),Gia vị gà ủ muối hoa tiêu,85.0,g,Gói
Gia vị ngũ vị hương 3g (Gói),Gia vị ngũ vị hương,3.0,g,Gói
Gift lau sàn hương Ylang 3.8kg (Can),Gift lau sàn hương Ylang,3.8,kg,Can
Giò lụa Ước lễ 1kg (Kg),Giò lụa Ước lễ,1.0,kg,Kg
Giò lụa Ước lễ 200g (200g),Giò lụa Ước lễ,200.0,g,200g
Giò me 500g (500g),Giò me,500.0,g,500g
Giò tai nấm Ước lễ 200g (200g),Giò tai nấm Ước lễ,200.0,g,200g
Giò xào Ước Lễ 1kg (Kg),Giò xào Ước Lễ,1.0,kg,Kg
Gạo BC 25kg (1Kg),Gạo BC,25.0,kg,1Kg
Gạo Nep thơm thượng hạng nhãn vàng 5kg (Gói),Gạo Nep thơm thượng hạng nhãn vàng,5.0,kg,Gói
Gạo lức huyết rồng canxi 600g (Cái),Gạo lức huyết rồng canxi,600.0,g,Cái
Gạo lứt đen sao quê 1kg (Gói),Gạo lứt đen sao quê,1.0,kg,Gói
H.Gia Bánh đa cua 120g (Gói),H.Gia Bánh đa cua,120.0,g,Gói
H.Gia Phở thịt bò 120g (Gói),H.Gia Phở thịt bò,120.0,g,Gói
H.Gia phở thịt gà 120g (Gói),H.Gia phở thịt gà,120.0,g,Gói
HASU NRC gốc thục vật tinh dầu quế 2.1kg (Can),HASU NRC gốc thục vật tinh dầu quế,2.1,kg,Can
HASU NRC gốc thực vật tinh bạc hà 2.1kg (Can),HASU NRC gốc thực vật tinh bạc hà,2.1,kg,Can
HASU NXV khô hồng 100ml (Chai),HASU NXV khô hồng,100.0,ml,Chai
HASU NXV khô xanh dịu êm chai 100ml (Chai),HASU NXV khô xanh dịu êm chai,100.0,ml,Chai
HASU tẩy bồn cầu chai đen 750ml (Chai),HASU tẩy bồn cầu chai đen,750.0,ml,Chai
HASU tẩy dầu mỡ chai 500ml (Chai),HASU tẩy dầu mỡ chai,500.0,ml,Chai
HS Bột ngọt FUJI-MOTO 300g (Gói),HS Bột ngọt FUJI-MOTO,300.0,g,Gói
HS Bột ngọt FUJI-MOTO 454g (Gói),HS Bột ngọt FUJI-MOTO,454.0,g,Gói
HYGIENCE Nước xả vải đậm đặc Life Scent đen 1300ml (Túi),HYGIENCE Nước xả vải đậm đặc Life Scent đen,1300.0,ml,Túi
Hasu Giấy vệ sinh 6 cuộn (có lõi) 850g (Cuộn),Hasu Giấy vệ sinh 6 cuộn (có lõi),850.0,g,Cuộn
Hasu giấy ăn 500g (Gói),Hasu giấy ăn,500.0,g,Gói
Hasu nước rửa chén Hương quế 3.6kg (Can),Hasu nước rửa chén Hương quế,3.6,kg,Can
Hotdog Ponnie giòn ăn liền sụn vị BBQ 20g (Cái),Hotdog Ponnie giòn ăn liền sụn vị BBQ,20.0,g,Cái
Hotdog Ponnie giòn ăn liền vị bắp 28g (Cái),Hotdog Ponnie giòn ăn liền vị bắp,28.0,g,Cái
Hotdog Ponnie giòn ăn liền vị cay 28g (Cái),Hotdog Ponnie giòn ăn liền vị cay,28.0,g,Cái
Hotdog Ponnie giòn ăn liền vị phô mai bắp 20g (Cái),Hotdog Ponnie giòn ăn liền vị phô mai bắp,20.0,g,Cái
Hotdog Ponnie giòn ăn liền vị sườn nướng 28g (Cái),Hotdog Ponnie giòn ăn liền vị sườn nướng,28.0,g,Cái
Há cảo tôm cải bó xôi 300g (Gói),Há cảo tôm cải bó xôi,300.0,g,Gói
Hướng dương túi 300g (Gói),Hướng dương túi,300.0,g,Gói
Hướng dương vị muối 250g (Gói),Hướng dương vị muối,250.0,g,Gói
Hạnh nhân 300g (Hộp),Hạnh nhân,300.0,g,Hộp
Hạt Macca 300g (Hộp),Hạt Macca,300.0,g,Hộp
Hạt bí trơn 400g (Gói),Hạt bí trơn,400.0,g,Gói
Hạt chia hộp 450g (Hộp),Hạt chia hộp,450.0,g,Hộp
Hạt dẻ cười 500g (Lọ),Hạt dẻ cười,500.0,g,Lọ
Hạt nêm CHIN-SU ngọt Tôm thơm thịt MB 900g + KM Nước chấm Đệ Nhị 800ml (Gói),Hạt nêm CHIN-SU ngọt Tôm thơm thịt MB + KM Nước chấm Đệ Nhị 800ml,900.0,g,Gói
Hạt nêm CHIN-SU ngọt thanh x5 xương hàm cô đặc & rau củ MB KM 16 chén sứ 400g (Gói),Hạt nêm CHIN-SU ngọt thanh x5 xương hàm cô đặc & rau củ MB KM 16 chén sứ,400.0,g,Gói
"Hạt nêm Knorr thịt thăn, xương ống và tủy 900g (Gói)","Hạt nêm Knorr thịt thăn, xương ống và tủy",900.0,g,Gói
Hạt nêm từ thịt 400g + Knorr TTX Ống 65g (Bộ),Hạt nêm từ thịt + Knorr TTX Ống 65g,400.0,g,Bộ
Hạt Điều Tách Vỏ Lụa 540g (Hộp),Hạt Điều Tách Vỏ Lụa,540.0,g,Hộp
Hạt điều rang muối Vỏ Lụa 520g  (Hộp),Hạt điều rang muối Vỏ Lụa,520.0,g,Hộp
Hồ khô CA212 8g (Lọ),Hồ khô CA212,8.0,g,Lọ
Hộp kẹo Hỗn hợp Sum Vầy 209g (Hộp),Hộp kẹo Hỗn hợp Sum Vầy,209.0,g,Hộp
KORR Hạt nên từ thịt 900g + Knorr TTX Ống 136g (Bộ),KORR Hạt nên từ thịt + Knorr TTX Ống 136g,900.0,g,Bộ
Karo - Bánh bơ trứng giòn 150g (Gói),Karo - Bánh bơ trứng giòn,150.0,g,Gói
Kem Merino sầu riêng socola 56g (Cái),Kem Merino sầu riêng socola,56.0,g,Cái
Kem Merino sữa dừa 56g (Cái),Kem Merino sữa dừa,56.0,g,Cái
Kem đánh răng Lipzo Kids Dâu 75g (Cái),Kem đánh răng Lipzo Kids Dâu,75.0,g,Cái
Kem đánh răng Ngọc Châu 170g (Hộp),Kem đánh răng Ngọc Châu,170.0,g,Hộp
Kem đánh răng Ngọc châu trắng sáng 170g (Tuýp),Kem đánh răng Ngọc châu trắng sáng,170.0,g,Tuýp
Kem đánh răng dược liệu 110g (Cái),Kem đánh răng dược liệu,110.0,g,Cái
Kewpie nước chấm mè rang _ chai 180ml (Cái),Kewpie nước chấm mè rang _ chai,180.0,ml,Cái
Khoai môn lệ phố 300g (Gói),Khoai môn lệ phố,300.0,g,Gói
Khoai tây sấy sợi vị phô mai WOW 85g (Gói),Khoai tây sấy sợi vị phô mai WOW,85.0,g,Gói
Khoai tây sấy sợi vị rong biển WOW 85g (Gói),Khoai tây sấy sợi vị rong biển WOW,85.0,g,Gói
Khoai tây sấy sợi vị thịt nướng WOW 85g (Gói),Khoai tây sấy sợi vị thịt nướng WOW,85.0,g,Gói
Khô Mix ( Gà-Mực-Heo) 300g (Hộp),Khô Mix ( Gà-Mực-Heo),300.0,g,Hộp
Khô bò sợi 100g (Gói),Khô bò sợi,100.0,g,Gói
Khô bò sợi 250g (Hộp),Khô bò sợi,250.0,g,Hộp
Khô gà cay 50g (Gói),Khô gà cay,50.0,g,Gói
Khô gà là chanh 120g (Hộp),Khô gà là chanh,120.0,g,Hộp
Khô heo cháy tỏi fansipan gói 50g (Gói),Khô heo cháy tỏi fansipan gói,50.0,g,Gói
Khô mực xé sợi 50g (Gói),Khô mực xé sợi,50.0,g,Gói
Khăn khô Lotus 600g (Gói),Khăn khô Lotus,600.0,g,Gói
Kun STC Hương cam có thạch 100ml (Hộp),Kun STC Hương cam có thạch,100.0,ml,Hộp
Kun sô cô la lúa mạch có thạch 110ml (Hộp),Kun sô cô la lúa mạch có thạch,110.0,ml,Hộp
Kun sô cô la lúa mạch có thạch 170ml (Hộp),Kun sô cô la lúa mạch có thạch,170.0,ml,Hộp
Kun sữa trái cây hương cam có thạch 170ml (Hộp),Kun sữa trái cây hương cam có thạch,170.0,ml,Hộp
KĐR Ngọc châu chuyên gia 170g (Hộp),KĐR Ngọc châu chuyên gia,170.0,g,Hộp
Kẹo AL 2chew Dâu & Nho 84g (Gói),Kẹo AL 2chew Dâu & Nho,84.0,g,Gói
Kẹo AL Bạc Hà NhânSôcôla 26g (Thỏi),Kẹo AL Bạc Hà NhânSôcôla,26.0,g,Thỏi
Kẹo AL mềm ChDây Hạt Chia 24.5g (Thỏi),Kẹo AL mềm ChDây Hạt Chia,24.5,g,Thỏi
Kẹo ALP Hồng Trà Sữa (Thỏi),Kẹo ALP Hồng Trà Sữa,,,Thỏi
Kẹo ALP Xoài muối ớt x2.9g (Thỏi),Kẹo ALP Xoài muối ớt x,2.9,g,Thỏi
Kẹo Alpenlibe mix vị gói 1kg (Gói),Kẹo Alpenlibe mix vị gói,1.0,kg,Gói
Kẹo Dẻo CC Panda 90g (Gói),Kẹo Dẻo CC Panda,90.0,g,Gói
Kẹo Elvan Truffle Túi 400g (Túi),Kẹo Elvan Truffle Túi,400.0,g,Túi
Kẹo Gum Cuộn Lotte Doraemon 56g (Hộp),Kẹo Gum Cuộn Lotte Doraemon,56.0,g,Hộp
Kẹo Gum Xylitol Hỗn hợp 130.5g(Lọ),Kẹo Gum Xylitol Hỗn hợp,130.5,g,Lọ
Kẹo Gum Xylitol LimeMint 130.5g (Lọ),Kẹo Gum Xylitol LimeMint,130.5,g,Lọ
Kẹo Gum Xylitol  Blueberry Mint 55.1g (Lọ),Kẹo Gum Xylitol Blueberry Mint,55.1,g,Lọ
Kẹo Gum Xylitol Hỗn hợp 55.1g (Lọ),Kẹo Gum Xylitol Hỗn hợp,55.1,g,Lọ
Kẹo Gum Xylitol LimeMint 55.1g (Lọ),Kẹo Gum Xylitol LimeMint,55.1,g,Lọ
Kẹo LOT100 Tổng hợp 150g (Túi),Kẹo LOT100 Tổng hợp,150.0,g,Túi
Kẹo LOT100 Xoài 225g (Hộp),Kẹo LOT100 Xoài,225.0,g,Hộp
Kẹo LOT100 Tổng hợp 1kg (Gói),Kẹo LOT100 Tổng hợp,1.0,kg,Gói
Kẹo LOT100 Tổng hợp 225g (Hộp),Kẹo LOT100 Tổng hợp,225.0,g,Hộp
Kẹo Lotte Xylitol hương Lime mint 11.6g (Vỉ),Kẹo Lotte Xylitol hương Lime mint,11.6,g,Vỉ
Kẹo Mút CC Hỗn Hợp 558g (Cái),Kẹo Mút CC Hỗn Hợp,558.0,g,Cái
Kẹo Mút CC Sắc Màu 539.4g (Cái),Kẹo Mút CC Sắc Màu,539.4,g,Cái
Kẹo Ngậm MT Grape Disp 17.5g (Hộp),Kẹo Ngậm MT Grape Disp,17.5,g,Hộp
Kẹo Ngậm MT Peach Disp 17.5g (Hộp),Kẹo Ngậm MT Peach Disp,17.5,g,Hộp
Kẹo Nougat HT cửa sổ 260g (Hộp),Kẹo Nougat HT cửa sổ,260.0,g,Hộp
Kẹo Nougat Đỏ 1kg (Túi),Kẹo Nougat Đỏ,1.0,kg,Túi
Kẹo Oishi tăng lực 85g (Gói),Kẹo Oishi tăng lực,85.0,g,Gói
Kẹo Oishi 85g (Gói(Thập Cẩm)),Kẹo Oishi (Gói(Thập Cẩm)),85.0,g,
Kẹo Skittles hũ 100g (Lọ),Kẹo Skittles hũ,100.0,g,Lọ
Kẹo Sôcôla Snickers 51g (Thanh),Kẹo Sôcôla Snickers,51.0,g,Thanh
Kẹo Sôcôla Sữa M&M\'s 37g (Gói),Kẹo Sôcôla Sữa M&M\'s,37.0,g,Gói
Kẹo Sôcôla Sữa M&M\'s Ống 28g (Lọ),Kẹo Sôcôla Sữa M&M\'s Ống,28.0,g,Lọ
Kẹo Sôcôla đậu phộng M&M\'s 37g (Gói),Kẹo Sôcôla đậu phộng M&M\'s,37.0,g,Gói
Kẹo chuối Kim Thành 260gr (Gói),Kẹo chuối Kim Thành 260gr,,,Gói
Kẹo cứng Hamecy ổi 70g (Gói),Kẹo cứng Hamecy ổi,70.0,g,Gói
Kẹo cứng Rosha hỗn hợp HS Vuông Vàng 150g (Hộp),Kẹo cứng Rosha hỗn hợp HS Vuông Vàng,150.0,g,Hộp
Kẹo dẻo cốt dừa 270g (Gói),Kẹo dẻo cốt dừa,270.0,g,Gói
Kẹo dẻo sữa chua Taiyo 350g (Gói),Kẹo dẻo sữa chua Taiyo,350.0,g,Gói
Kẹo gum MFA B.Hà Kh.Diệp 56g (Hũ),Kẹo gum MFA B.Hà Kh.Diệp,56.0,g,Hũ
"Kẹo gum trident vị trái cây nhiệt đới 50,4g (Hộp)",Kẹo gum trident vị trái cây nhiệt đới,50.4,g,Hộp
Kẹo lotte anytime hương chanh 60g (Gói),Kẹo lotte anytime hương chanh,60.0,g,Gói
Kẹo mít Kim Thành 260gr (Gói),Kẹo mít Kim Thành 260gr,,,Gói
Kẹo mút AL Dâu Kem 10g (Cái),Kẹo mút AL Dâu Kem,10.0,g,Cái
Kẹo mút AL QuảMọng 10g (Cái),Kẹo mút AL QuảMọng,10.0,g,Cái
Kẹo mút AL SữaCaramen 10g (Cái),Kẹo mút AL SữaCaramen,10.0,g,Cái
Kẹo mềm AL 2chew Dâu 24.5g (Thỏi),Kẹo mềm AL 2chew Dâu,24.5,g,Thỏi
Kẹo mềm AL 2chew Nho 24.5g (Thỏi),Kẹo mềm AL 2chew Nho,24.5,g,Thỏi
Kẹo ngậm bạc hà vị dưa hấu 40g (Lọ),Kẹo ngậm bạc hà vị dưa hấu,40.0,g,Lọ
Kẹo ngậm bạc hà vị trái cây nhiệt đới 40g (Lọ),Kẹo ngậm bạc hà vị trái cây nhiệt đới,40.0,g,Lọ
Kẹo ngậm xí muội 40g (Lọ),Kẹo ngậm xí muội,40.0,g,Lọ
Kẹo nhai Doublemint hương Bạc Hà hũ 80g (Lọ),Kẹo nhai Doublemint hương Bạc Hà hũ,80.0,g,Lọ
Kẹo nhai MT Mê Ly 29.7g (Thỏi),Kẹo nhai MT Mê Ly,29.7,g,Thỏi
Kẹo sing-gum Cool Air Fresh Cube hương chanh hũ 40g (Lọ),Kẹo sing-gum Cool Air Fresh Cube hương chanh hũ,40.0,g,Lọ
Kẹo sing-gum DM hương bạc hà hũ 131.4g (Lọ),Kẹo sing-gum DM hương bạc hà hũ,131.4,g,Lọ
Kẹo sâm hàn quốc 200g (Gói),Kẹo sâm hàn quốc,200.0,g,Gói
Kẹo sô cô la sữa PIPPO tam giác 235g (Cái),Kẹo sô cô la sữa PIPPO tam giác,235.0,g,Cái
Kẹo thạch SUSO tam giác 330g (Gói),Kẹo thạch SUSO tam giác,330.0,g,Gói
Kẹo thạch Zai Zai 320g (Cái),Kẹo thạch Zai Zai,320.0,g,Cái
Kẹo thạch Zai Zai Plus trà sữa trân châu 320g (Cái),Kẹo thạch Zai Zai Plus trà sữa trân châu,320.0,g,Cái
Kẹo thảo mộc Swiss Herb hiệu Ricola 100g (Cái),Kẹo thảo mộc Swiss Herb hiệu Ricola,100.0,g,Cái
LC - Lạp xưởng tươi HV Đài Loan 700g (Gói),LC - Lạp xưởng tươi HV Đài Loan,700.0,g,Gói
LOF Trà Cascara vị độc đáo 1 450ml (Cái),LOF Trà Cascara vị độc đáo 1,450.0,ml,Cái
LOF Trà Manuka vị chanh 430ml (Cái),LOF Trà Manuka vị chanh,430.0,ml,Cái
LOF Trà Manuka vị nguyên bản 430ml (Cái),LOF Trà Manuka vị nguyên bản,430.0,ml,Cái
LOF Trà Manuka vị đào 430ml (Cái),LOF Trà Manuka vị đào,430.0,ml,Cái
Lovenose xịt thơm phòng hương hoa hồng 320ml (Lọ),Lovenose xịt thơm phòng hương hoa hồng,320.0,ml,Lọ
Lá Kim tẩm ô liu O\'Food 5g (Gói),Lá Kim tẩm ô liu O\'Food,5.0,g,Gói
Lương khô nén gói 500g (Gói),Lương khô nén gói,500.0,g,Gói
Lạc tẩm vị 130g (Gói),Lạc tẩm vị,130.0,g,Gói
Lạp xưởng nướng đá 700g (700g),Lạp xưởng nướng đá,700.0,g,700g
"Lọ tỏa hương thơm phòng Lovenose, hương hoa hồng 180ml (Lọ)","Lọ tỏa hương thơm phòng Lovenose, hương hoa hồng",180.0,ml,Lọ
MAGGI Dau Hao Giam Gia KM 150g (Chai),MAGGI Dau Hao Giam Gia KM,150.0,g,Chai
MERINO kem sầu riêng que 100g (Que),MERINO kem sầu riêng que,100.0,g,Que
MT Peppermint 17.5g (Cái),MT Peppermint,17.5,g,Cái
Matcha cốc 500ml (Cốc),Matcha cốc,500.0,ml,Cốc
Mentos Cau Dua Du Xoai 224g (Gói),Mentos Cau Dua Du Xoai,224.0,g,Gói
Mentos Yoghurt 221.4g (Gói),Mentos Yoghurt,221.4,g,Gói
Minute Maid Splash nước cam ép 320ml (Lon),Minute Maid Splash nước cam ép,320.0,ml,Lon
Miến dong Lào 500g (Gói),Miến dong Lào,500.0,g,Gói
Miến dong Lào gói 200g (Gói),Miến dong Lào gói,200.0,g,Gói
Miến dong Phia đén Nguyên Bình 300g (Túi),Miến dong Phia đén Nguyên Bình,300.0,g,Túi
Miến làng so Đặc Biệt 500g (Gói),Miến làng so Đặc Biệt,500.0,g,Gói
Miến măng vịt gói 58g (Gói),Miến măng vịt gói,58.0,g,Gói
Miến sườn heo gói 58g (Gói),Miến sườn heo gói,58.0,g,Gói
Mr Win Cafe Tết Mix vị 165g (Hộp),Mr Win Cafe Tết Mix vị,165.0,g,Hộp
Muối hạt Hanufood 950g (Gói),Muối hạt Hanufood,950.0,g,Gói
Muối tinh 500g (Gói),Muối tinh,500.0,g,Gói
Muối tôm Tây Ninh 60g (chai),Muối tôm Tây Ninh,60.0,g,chai
Muối tôm Tây Ninh DH Foods 60g (Lọ),Muối tôm Tây Ninh DH Foods,60.0,g,Lọ
Muối ớt 100g (Lọ),Muối ớt,100.0,g,Lọ
MÌ TÔ ĂN LIỀN KIM CHI 105g (Tô),MÌ TÔ ĂN LIỀN KIM CHI,105.0,g,Tô
Mì Kokomi Bò hầm rau thơm MB 75g (Gói),Mì Kokomi Bò hầm rau thơm MB,75.0,g,Gói
Mì Kokomi Tôm chua cay 65g (Gói),Mì Kokomi Tôm chua cay,65.0,g,Gói
Mì Kokomi Đại 90 Tôm chua cay MB 90g (Gói),Mì Kokomi Đại 90 Tôm chua cay MB,90.0,g,Gói
Mì Kokomi Đại 90 hộp Tôm chua cay thường ngày 90g (Ly),Mì Kokomi Đại 90 hộp Tôm chua cay thường ngày,90.0,g,Ly
Mì Koreno bò cay 100g (Gói),Mì Koreno bò cay,100.0,g,Gói
Mì Omachi cua xốt ớt 126g (Gói),Mì Omachi cua xốt ớt,126.0,g,Gói
Mì Omachi quán xá Châu Á Bangkok 96g (Hộp),Mì Omachi quán xá Châu Á Bangkok,96.0,g,Hộp
Mì Omachi trộn cua xốt ớt 96g (Tô),Mì Omachi trộn cua xốt ớt,96.0,g,Tô
Mì Omachi trộn xốt Spaghetti 105g (Bát),Mì Omachi trộn xốt Spaghetti,105.0,g,Bát
Mì Spaghetti Olivoila N.5 500g (Hộp),Mì Spaghetti Olivoila N.5,500.0,g,Hộp
Mì chính Miwon 1kg (Gói),Mì chính Miwon,1.0,kg,Gói
Mì chũ Minh Long 1kg (Gói),Mì chũ Minh Long,1.0,kg,Gói
Mì chũ Minh Long 700g (Gói),Mì chũ Minh Long,700.0,g,Gói
Mì dinh dưỡng khoai tây Omachi Sườn hầm ngũ quả 96g (Tô),Mì dinh dưỡng khoai tây Omachi Sườn hầm ngũ quả,96.0,g,Tô
Mì dinh dưỡng khoai tây Omachi Sườn hầm ngũ quả 70g (Ly),Mì dinh dưỡng khoai tây Omachi Sườn hầm ngũ quả,70.0,g,Ly
Mì dinh dưỡng khoai tây Omachi Sườn hầm ngũ quả 80g (Gói),Mì dinh dưỡng khoai tây Omachi Sườn hầm ngũ quả,80.0,g,Gói
Mì dinh dưỡng khoai tây Omachi hương vị lẩu tôm càng 80g (Gói),Mì dinh dưỡng khoai tây Omachi hương vị lẩu tôm càng,80.0,g,Gói
Mì dinh dưỡng khoai tây Omachi mì trộn xốt Spaghetti 90g (Gói),Mì dinh dưỡng khoai tây Omachi mì trộn xốt Spaghetti,90.0,g,Gói
Mì dinh dưỡng khoai tây Omachi trộn hương vị thịt xiên nướng 90g (Gói),Mì dinh dưỡng khoai tây Omachi trộn hương vị thịt xiên nướng,90.0,g,Gói
Mì dinh dưỡng khoai tây Omachi xốt Bò hầm 93g (Tô),Mì dinh dưỡng khoai tây Omachi xốt Bò hầm,93.0,g,Tô
Mì dinh dưỡng khoai tây Omachi xốt Bò hầm 69g (Ly),Mì dinh dưỡng khoai tây Omachi xốt Bò hầm,69.0,g,Ly
Mì dinh dưỡng khoai tây Omachi xốt Bò hầm 81g (Gói),Mì dinh dưỡng khoai tây Omachi xốt Bò hầm,81.0,g,Gói
Mì kokomi  hương vị canh chua hải sản 75g (Gói),Mì kokomi hương vị canh chua hải sản,75.0,g,Gói
Mì kokomi hương vị tôm chưa cây chanh ớt 75g (Gói),Mì kokomi hương vị tôm chưa cây chanh ớt,75.0,g,Gói
Mì thố Cung Đình Thịt hầm nấm 79g (Bát),Mì thố Cung Đình Thịt hầm nấm,79.0,g,Bát
Mì trộn tương đen Koreno Chajang 78g (Gói),Mì trộn tương đen Koreno Chajang,78.0,g,Gói
Mít sấy 100g (Gói),Mít sấy,100.0,g,Gói
Mít sấy 200g (Gói),Mít sấy,200.0,g,Gói
Mít sấy Minh Văn 500g (Gói),Mít sấy Minh Văn,500.0,g,Gói
Mật ong bổ phế 100ml (Lọ),Mật ong bổ phế,100.0,ml,Lọ
Mật ong cao cấp 250ml (Lọ),Mật ong cao cấp,250.0,ml,Lọ
Mật ong con gấu đặt biệt 235ml (Lọ),Mật ong con gấu đặt biệt,235.0,ml,Lọ
Mật ong nghệ phấn hoa 140g (Lọ),Mật ong nghệ phấn hoa,140.0,g,Lọ
Mật ong sữa chúa 375ml (Lọ),Mật ong sữa chúa,375.0,ml,Lọ
Mắm cao đạm 650ml (Chai),Mắm cao đạm,650.0,ml,Chai
Mộc Nhĩ Thái Chỉ Cao Bằng 100g (Túi),Mộc Nhĩ Thái Chỉ Cao Bằng,100.0,g,Túi
Mực xoắn ống 500g (Gói),Mực xoắn ống,500.0,g,Gói
Mỳ Xốt kem ý Mỳ Xào Gà Cay Carbonara 130g (Gói),Mỳ Xốt kem ý Mỳ Xào Gà Cay Carbonara,130.0,g,Gói
Mỳ gạo Chũ Minh Long gói 400g (Gói),Mỳ gạo Chũ Minh Long gói,400.0,g,Gói
NC ăn kiêng uống liền 180ml (Hộp),NC ăn kiêng uống liền,180.0,ml,Hộp
NLS SUTIKI Hương chiết xuất lyly 950g (Chai),NLS SUTIKI Hương chiết xuất lyly,950.0,g,Chai
Nem chua rán 450g (450g),Nem chua rán,450.0,g,450g
Nem chua sụn 150g (150g),Nem chua sụn,150.0,g,150g
Nem thịt đặc biệt CP hộp 500g (Hộp),Nem thịt đặc biệt CP hộp,500.0,g,Hộp
Neptune gạo thơm dẻo đặc biệt ST25 Plus 5kg (Gói),Neptune gạo thơm dẻo đặc biệt ST25 Plus,5.0,kg,Gói
Neptune gạo thơm đặc sản ST25 5kg (Gói),Neptune gạo thơm đặc sản ST25,5.0,kg,Gói
Ngô bò 200g (Gói),Ngô bò,200.0,g,Gói
Ngô nếp sấy 200g (Gói),Ngô nếp sấy,200.0,g,Gói
Ngô phô mai gói 465g (Gói),Ngô phô mai gói,465.0,g,Gói
Ngô tẩm bột 500g (Gói),Ngô tẩm bột,500.0,g,Gói
Ngũ cốc dinh dưỡng 500g (Túi),Ngũ cốc dinh dưỡng,500.0,g,Túi
Ngũ cốc ăn kiêng 530g (Hộp),Ngũ cốc ăn kiêng,530.0,g,Hộp
Nho khô Queen Raisin (Hg Chữ Nhật)_XANH DƯƠNG 90g (Hộp),Nho khô Queen Raisin (Hg Chữ Nhật)_XANH DƯƠNG,90.0,g,Hộp
Nho khô Queen Raisin (Hg Chữ Nhật)_Vàng 90g (Hộp),Nho khô Queen Raisin (Hg Chữ Nhật)_Vàng,90.0,g,Hộp
Nho khô Queen Raisin (Hg Chữ Nhật)_Đỏ 90g (Hộp),Nho khô Queen Raisin (Hg Chữ Nhật)_Đỏ,90.0,g,Hộp
Nho xanh 300g (Gói),Nho xanh,300.0,g,Gói
Nho xanh 400g (Lọ),Nho xanh,400.0,g,Lọ
Nước Alkaline Ocany 1500ml (Chai),Nước Alkaline Ocany,1500.0,ml,Chai
Nước Alkaline Ocany 350ml (Chai),Nước Alkaline Ocany,350.0,ml,Chai
Nước Alkaline Ocany 500ml (Chai),Nước Alkaline Ocany,500.0,ml,Chai
Nước Cam Có Tép Teppy 327 390ml (Chai),Nước Cam Có Tép Teppy 327,390.0,ml,Chai
Nước Hồng Sâm Trẻ Em HQ Vị Cam 100ml (Túi),Nước Hồng Sâm Trẻ Em HQ Vị Cam,100.0,ml,Túi
Nước Hồng Sâm Trẻ Em HQ Vị Táo 100ml (Túi),Nước Hồng Sâm Trẻ Em HQ Vị Táo,100.0,ml,Túi
Nước Hồng Sâm Trẻ Em HQ Vị Việt Quất 100ml (Túi),Nước Hồng Sâm Trẻ Em HQ Vị Việt Quất,100.0,ml,Túi
Nước I - on Mira 360ml (Chai),Nước I - on Mira,360.0,ml,Chai
Nước Mira pH9 550ml (Chai),Nước Mira pH9,550.0,ml,Chai
Nước Soda Welch\'S zero vị cam 355ml (Lon),Nước Soda Welch\'S zero vị cam,355.0,ml,Lon
Nước Welch\'S zero hương nho tím 355ml (Lon),Nước Welch\'S zero hương nho tím,355.0,ml,Lon
Nước chấm Nam Ngư Đệ Nhị 800ml (Chai),Nước chấm Nam Ngư Đệ Nhị,800.0,ml,Chai
Nước dùng hoàn chỉnh Barona-Lẩu chua cay 180g (Cái),Nước dùng hoàn chỉnh Barona-Lẩu chua cay,180.0,g,Cái
Nước dừa lon Vietcoco vị nguyên bản 240ml (Lon),Nước dừa lon Vietcoco vị nguyên bản,240.0,ml,Lon
Nước dừa tươi đóng hộp 330ml (Hộp),Nước dừa tươi đóng hộp,330.0,ml,Hộp
Nước dừa tự nhiên 325ml (Lon),Nước dừa tự nhiên,325.0,ml,Lon
Nước giặt Omo cửa trước Hương Oải Hương thư Thái 1.8kg (Túi),Nước giặt Omo cửa trước Hương Oải Hương thư Thái,1.8,kg,Túi
Nước mắm 30 độ 500ml (Cái),Nước mắm 30 độ,500.0,ml,Cái
Nước mắm CHIN-SU Cá Hồi đậm đặc 500ml (Chai),Nước mắm CHIN-SU Cá Hồi đậm đặc,500.0,ml,Chai
Nước mắm Nam Ngư  900ml (Chai),Nước mắm Nam Ngư,900.0,ml,Chai
Nước mắm Nam Ngư (QR) 3bl x 6chai x 750ml (Chai),Nước mắm Nam Ngư (QR) 3bl x 6chai x,750.0,ml,Chai
Nước mắm Nam Ngư (QR) 3bl x 6chai x 750ml (Chai),Nước mắm Nam Ngư (QR) 3bl x 6chai x,750.0,ml,Chai
Nước mắm Nam Ngư cao cấp 500ml (Chai),Nước mắm Nam Ngư cao cấp,500.0,ml,Chai
Nước mắm chay Cholimex 245ml (Chai),Nước mắm chay Cholimex,245.0,ml,Chai
Nước rửa ly tách LiponF 750ml (Chai),Nước rửa ly tách LiponF,750.0,ml,Chai
Nước tăng lực Rockstar LON 250ml (Cái),Nước tăng lực Rockstar LON,250.0,ml,Cái
Nước tăng lực vị cà phê Wake up 247 330ml (Chai),Nước tăng lực vị cà phê Wake up 247,330.0,ml,Chai
Nước tương CHIN-SU Tỏi ớt 330ml (Chai),Nước tương CHIN-SU Tỏi ớt,330.0,ml,Chai
Nước uống bổ sung ion Pocari Sweat chai 350ml (Chai),Nước uống bổ sung ion Pocari Sweat chai,350.0,ml,Chai
Nước xốt mè rang Kewpie_chai 210ml (Cái),Nước xốt mè rang Kewpie_chai,210.0,ml,Cái
Nước yến hộp Khánh hóa foodnest 190ml (Hộp),Nước yến hộp Khánh hóa foodnest,190.0,ml,Hộp
Nước yến ngân nhĩ Wonderfarm 240ml (Lon),Nước yến ngân nhĩ Wonderfarm,240.0,ml,Lon
Nước yến sào đường phèn lon 190ml (Lon),Nước yến sào đường phèn lon,190.0,ml,Lon
Nấm hương khô Cao Bằng 100g (Túi),Nấm hương khô Cao Bằng,100.0,g,Túi
OATTA Drink sữa yến mạch nguyên chất ít đường 180ml (Hộp),OATTA Drink sữa yến mạch nguyên chất ít đường,180.0,ml,Hộp
OREO banh que vani 54g (Cái),OREO banh que vani,54.0,g,Cái
PC Bánh mứt trái cây dâu gói 450g (Gói),PC Bánh mứt trái cây dâu gói,450.0,g,Gói
Phô mai que 500g (Gói),Phô mai que,500.0,g,Gói
Phở bò 65g (Gói),Phở bò,65.0,g,Gói
Phở gà 65g (Gói),Phở gà,65.0,g,Gói
Pinattsu Snack đậu phộng nhân Socola vị Hazelnut 85g (Cái),Pinattsu Snack đậu phộng nhân Socola vị Hazelnut,85.0,g,Cái
Pinattsu Snack đậu phộng nhân vị khoai môn 85g (Cái),Pinattsu Snack đậu phộng nhân vị khoai môn,85.0,g,Cái
Pororo hương dâu 235ml (Chai),Pororo hương dâu,235.0,ml,Chai
Quả táo đỏ khô 486g (Gói),Quả táo đỏ khô,486.0,g,Gói
Quẩy sâu Hữu Gia gói 300g (Gói),Quẩy sâu Hữu Gia gói,300.0,g,Gói
Rong Biển Cuộn Cơm Kwook 10 Lá 24g (Gói),Rong Biển Cuộn Cơm Kwook 10 Lá,24.0,g,Gói
Rong biển giòn trộn gia vị 40g (Gói),Rong biển giòn trộn gia vị,40.0,g,Gói
Rượu Vang Ocean Men 700ml (Chai),Rượu Vang Ocean Men,700.0,ml,Chai
Rượu vang Style Ocean Xanh 750ml (Chai),Rượu vang Style Ocean Xanh,750.0,ml,Chai
Rượu vang Thiên Nga Đỏ 750ml (Chai),Rượu vang Thiên Nga Đỏ,750.0,ml,Chai
SCA Có Đường TH True Yogurt 100g (Hộp),SCA Có Đường TH True Yogurt,100.0,g,Hộp
SCA Nha Đam TH True Yogurt 100g (Hộp),SCA Nha Đam TH True Yogurt,100.0,g,Hộp
SCA Tự Nhiên TH True Yogurt 100g (Hộp),SCA Tự Nhiên TH True Yogurt,100.0,g,Hộp
SCA VNM Trái cây 100g (Hộp),SCA VNM Trái cây,100.0,g,Hộp
SCA VNM có đường 100g (Hộp),SCA VNM có đường,100.0,g,Hộp
SCA VNM không đường 100g (Hộp),SCA VNM không đường,100.0,g,Hộp
SCA VNM nha đam 100g (Hộp),SCA VNM nha đam,100.0,g,Hộp
SCA VNM ít đường 100g (Hộp),SCA VNM ít đường,100.0,g,Hộp
SCA Ít Đường TH true YOGURT 100g (Hộp),SCA Ít Đường TH true YOGURT,100.0,g,Hộp
SCAMS Trái cây TH True Yogurt 100g (Hộp),SCAMS Trái cây TH True Yogurt,100.0,g,Hộp
SCU TT hương táo nho Vinamilk Susu Chai 80ml (Lọ),SCU TT hương táo nho Vinamilk Susu Chai,80.0,ml,Lọ
SCUTT Hương Cam TH True Yogurt 180ml (Hộp),SCUTT Hương Cam TH True Yogurt,180.0,ml,Hộp
SCUTT Hương Dâu TH True Yogurt 180ml (Hộp),SCUTT Hương Dâu TH True Yogurt,180.0,ml,Hộp
SCUTT Topkid Cam 110ml (Hộp),SCUTT Topkid Cam,110.0,ml,Hộp
SCUTT Topkid Dâu 110ml (Hộp),SCUTT Topkid Dâu,110.0,ml,Hộp
SCUTT Việt quất TH True Yogurt 180ml (Hộp),SCUTT Việt quất TH True Yogurt,180.0,ml,Hộp
ST TT có đường TH 180ml (Hộp),ST TT có đường TH,180.0,ml,Hộp
STC Nho Mistori 110ml (Hộp),STC Nho Mistori,110.0,ml,Hộp
STTT Chocolate TH True Milk 180ml (Hộp),STTT Chocolate TH True Milk,180.0,ml,Hộp
STTT Có đường TH True Milk 110ml (Hộp),STTT Có đường TH True Milk,110.0,ml,Hộp
STTT Giảm béo Chuối VNM 180ml (Hộp),STTT Giảm béo Chuối VNM,180.0,ml,Hộp
STTT Nguyên chất TH True Milk 110ml (Hộp),STTT Nguyên chất TH True Milk,110.0,ml,Hộp
STTT RIĐ Vinamilk Green Farm 180ml (Hộp),STTT RIĐ Vinamilk Green Farm,180.0,ml,Hộp
STTT Vị TN TH True MILK HILO 180ml (Hộp),STTT Vị TN TH True MILK HILO,180.0,ml,Hộp
STTT có đường Vinamilk 180ml (Hộp),STTT có đường Vinamilk,180.0,ml,Hộp
STTT Ít đường TH True Milk 110ml (Hộp),STTT Ít đường TH True Milk,110.0,ml,Hộp
STTT Ít đường TH True Milk 180ml (Hộp),STTT Ít đường TH True Milk,180.0,ml,Hộp
STTT đường VNM -TP 110ml (Hộp),STTT đường VNM -TP,110.0,ml,Hộp
SUDD Dielac Grow Plus 110ml (Cái),SUDD Dielac Grow Plus,110.0,ml,Cái
SUDD Optimum Gold 110ml (Cái),SUDD Optimum Gold,110.0,ml,Cái
SUTIKI Javel nước tẩy trắng quần áo 1000ml (Chai),SUTIKI Javel nước tẩy trắng quần áo,1000.0,ml,Chai
SUTIKI NRC Hương chanh 400g (Chai),SUTIKI NRC Hương chanh,400.0,g,Chai
SUTIKI NRC Hương chanh 750g (Chai),SUTIKI NRC Hương chanh,750.0,g,Chai
SUTIKI NRC Hương quế 400g (Chai),SUTIKI NRC Hương quế,400.0,g,Chai
SUTIKI NRC Hương quế 750g (Chai),SUTIKI NRC Hương quế,750.0,g,Chai
SUTIKI NRC Hương trà xanh 400g (Chai),SUTIKI NRC Hương trà xanh,400.0,g,Chai
SUTIKI NRC Hương trà xanh 750g (Chai),SUTIKI NRC Hương trà xanh,750.0,g,Chai
SUTIKI NRC hương lô hội 750g (Chai),SUTIKI NRC hương lô hội,750.0,g,Chai
Sa tế CHIN-SU tôm ớt riềng MB 90g (Cái),Sa tế CHIN-SU tôm ớt riềng MB,90.0,g,Cái
Sa tế tôm chai nhựa PET 90g (Cái),Sa tế tôm chai nhựa PET,90.0,g,Cái
Sate nướng ngũ vị 100g (Cái),Sate nướng ngũ vị,100.0,g,Cái
Sauce ướp thịt nướng 70g (Gói),Sauce ướp thịt nướng,70.0,g,Gói
Snack Cá giòn 150g (Gói),Snack Cá giòn,150.0,g,Gói
Snack gấu vừng mật ong Hữu Gia 130g (Gói),Snack gấu vừng mật ong Hữu Gia,130.0,g,Gói
Snack ngó sen Hữu Gia 150g (Gói),Snack ngó sen Hữu Gia,150.0,g,Gói
Snack nui sấy 150g (Gói),Snack nui sấy,150.0,g,Gói
Snack quẩy mực 140g (Gói),Snack quẩy mực,140.0,g,Gói
Snack sò hành.ốc cay gói 150g (Gói),Snack sò hành.ốc cay gói,150.0,g,Gói
Snack tai heo xào hành 140g (Gói),Snack tai heo xào hành,140.0,g,Gói
Snack tăm phô mai Hữu Gia 16g (Gói),Snack tăm phô mai Hữu Gia,16.0,g,Gói
Snack xương chó 120g (Gói),Snack xương chó,120.0,g,Gói
Snack đùi gà phô mai 130g (Gói),Snack đùi gà phô mai,130.0,g,Gói
Socola Faris (Hộp 2 Tầng - 16 viên) _Classic Golden 200g (Hộp),Socola Faris (Hộp 2 Tầng - 16 viên) _Classic Golden,200.0,g,Hộp
Socola kinder joy cho bé gái 20g (Quả),Socola kinder joy cho bé gái,20.0,g,Quả
Socola quạt 10 viên 120g (Hộp),Socola quạt 10 viên,120.0,g,Hộp
Socola tim 3 viên 36g (Hộp),Socola tim 3 viên,36.0,g,Hộp
Son dưỡng ẩm bạc hà dành cho môi khô và nứt nẻ Omi 4g (Thỏi),Son dưỡng ẩm bạc hà dành cho môi khô và nứt nẻ Omi,4.0,g,Thỏi
Sprite lon 320ml (Lon),Sprite lon,320.0,ml,Lon
Sủi cảo tôm thịt 300g (Gói),Sủi cảo tôm thịt,300.0,g,Gói
Sữa Dừa Đóng Hộp 180ml (Hộp),Sữa Dừa Đóng Hộp,180.0,ml,Hộp
Sữa Nan Nga số 2 400g (Lon),Sữa Nan Nga số 2,400.0,g,Lon
Sữa Nan số 1 800g (Lon),Sữa Nan số 1,800.0,g,Lon
Sữa dừa socola đóng hộp 330ml (Hộp),Sữa dừa socola đóng hộp,330.0,ml,Hộp
Sữa dừa đóng hộp 330ml (Hộp),Sữa dừa đóng hộp,330.0,ml,Hộp
Sữa gạo lứt 250ml (Lon),Sữa gạo lứt,250.0,ml,Lon
Sữa rửa tay Kleen hương trà xanh 500ml (Cái),Sữa rửa tay Kleen hương trà xanh,500.0,ml,Cái
Sữa rửa tay Kleen hương đào 500ml (Cái),Sữa rửa tay Kleen hương đào,500.0,ml,Cái
Sữa trái cây Kun hương cam 180ml (Hộp),Sữa trái cây Kun hương cam,180.0,ml,Hộp
Sữa trái cây Kun hương kem dâu có thạch 180ml (Hộp),Sữa trái cây Kun hương kem dâu có thạch,180.0,ml,Hộp
Sữa trái cây Kun hương trái cây nhiệt đới 180ml (Hộp),Sữa trái cây Kun hương trái cây nhiệt đới,180.0,ml,Hộp
Sữa tươi tiệt trùng Moozi có đường 180ml (Hộp),Sữa tươi tiệt trùng Moozi có đường,180.0,ml,Hộp
Sữa tươi tiệt trùng Moozi ít đường 180ml (Hộp),Sữa tươi tiệt trùng Moozi ít đường,180.0,ml,Hộp
Sữa tươi tiệt trùng VNM Green Farm có đường 180ml (Vỉ),Sữa tươi tiệt trùng VNM Green Farm có đường,180.0,ml,Vỉ
Sữa tươi tiệt trùng VNM Green Farm ít đường 110ml (Hộp),Sữa tươi tiệt trùng VNM Green Farm ít đường,110.0,ml,Hộp
Sữa tươi tiệt trùng sô cô la Vinamilk hộp 180ml (Hộp),Sữa tươi tiệt trùng sô cô la Vinamilk hộp,180.0,ml,Hộp
Sữa đậu nành Fami Canxi 200ml (Hộp),Sữa đậu nành Fami Canxi,200.0,ml,Hộp
Sữa đậu nành Fami Green Soy rất ít đường 200ml (Hộp),Sữa đậu nành Fami Green Soy rất ít đường,200.0,ml,Hộp
Sữa đặc Ông Thọ tuýp 165g (Tuýp),Sữa đặc Ông Thọ tuýp,165.0,g,Tuýp
Thanh gạo lứt dinh dưỡng 230g (Gói),Thanh gạo lứt dinh dưỡng,230.0,g,Gói
Thiên Hùng yến sào đông trùng hạ thảo hộp 70ml (Hộp),Thiên Hùng yến sào đông trùng hạ thảo hộp,70.0,ml,Hộp
Thiên Hùng yến sào đường phèn 70ml (Hộp),Thiên Hùng yến sào đường phèn,70.0,ml,Hộp
Thạch Caramel túi lưới 770g (Túi),Thạch Caramel túi lưới,770.0,g,Túi
Thạch Caremel túi 250g (Túi),Thạch Caremel túi,250.0,g,Túi
Thạch Long Hải tổng hợp 416g (Gói),Thạch Long Hải tổng hợp,416.0,g,Gói
Thạch RC cốt trái cây tươi JellioZ hũ 270g (Cốc),Thạch RC cốt trái cây tươi JellioZ hũ,270.0,g,Cốc
Thạch RC cốt trái cây tươi JellioZ 720g (Túi),Thạch RC cốt trái cây tươi JellioZ,720.0,g,Túi
Thạch hình bút chì ABC 17g (Túi),Thạch hình bút chì ABC,17.0,g,Túi
Thạch hình bút chì ABC 17g (Cốc),Thạch hình bút chì ABC,17.0,g,Cốc
Thạch hình bút chì ABC túi lưới 920g (Túi),Thạch hình bút chì ABC túi lưới,920.0,g,Túi
Thạch hương sửa chua Newjoy gấu 930g (Túi),Thạch hương sửa chua Newjoy gấu,930.0,g,Túi
Thạch hương sữa chua ABC túi lưới 850g (Túi),Thạch hương sữa chua ABC túi lưới,850.0,g,Túi
Thạch hương sữa chua Newjoy 740g (Túi),Thạch hương sữa chua Newjoy,740.0,g,Túi
Thạch rau câu Joy túi lưới 645g (Túi),Thạch rau câu Joy túi lưới,645.0,g,Túi
Thạch rau câu Newjoy hương hoa quả 735g (Túi),Thạch rau câu Newjoy hương hoa quả,735.0,g,Túi
Thạch rau câu Newjoy túi 365g (Túi),Thạch rau câu Newjoy túi,365.0,g,Túi
Thạch rau câu Newjoy túi gấu 930g (Túi),Thạch rau câu Newjoy túi gấu,930.0,g,Túi
Thạch rau câu trái cây Smallons 35g  (Gói),Thạch rau câu trái cây Smallons,35.0,g,Gói
Thức Uống Dinh Dưỡng Sữa Lúa Mạch Hương Sôcôla Có Thạch Metis 170ml (Hộp),Thức Uống Dinh Dưỡng Sữa Lúa Mạch Hương Sôcôla Có Thạch Metis,170.0,ml,Hộp
Thức uống dinh dưỡng từ sữa Hương Cam Đào Có Thạch - Moozi 170ml (Hộp),Thức uống dinh dưỡng từ sữa Hương Cam Đào Có Thạch - Moozi,170.0,ml,Hộp
Thức uống dinh dưỡng từ sữa Hương Dưa Lưới Thơm Có Thạch Moozi 170ml (Hộp),Thức uống dinh dưỡng từ sữa Hương Dưa Lưới Thơm Có Thạch Moozi,170.0,ml,Hộp
Thức uống dinh dưỡng từ sữa Hương Kẹo Nho Có Thạch - Moozi 170ml (Hộp),Thức uống dinh dưỡng từ sữa Hương Kẹo Nho Có Thạch - Moozi,170.0,ml,Hộp
Thức uống yến mạch hạt sen 180ml (Cái),Thức uống yến mạch hạt sen,180.0,ml,Cái
Tokpokki Hàn Quốc vị phô mai 105g (Cái),Tokpokki Hàn Quốc vị phô mai,105.0,g,Cái
Tokpokki Hàn Quốc vị truyền thống 105g (Hộp),Tokpokki Hàn Quốc vị truyền thống,105.0,g,Hộp
Trà Boncha Mật ong vị tắc 450ml (Cái),Trà Boncha Mật ong vị tắc,450.0,ml,Cái
Trà Cozy Ice Tea chanh leo 240g (Hộp),Trà Cozy Ice Tea chanh leo,240.0,g,Hộp
Trà Cozy IceTea dâu 240g (Hộp),Trà Cozy IceTea dâu,240.0,g,Hộp
Trà Cozy IceTea sâm bí đao 240g (Hộp),Trà Cozy IceTea sâm bí đao,240.0,g,Hộp
Trà Lipton Ice Tea vị đào 192g (Hộp),Trà Lipton Ice Tea vị đào,192.0,g,Hộp
Trà Matcha sữa 3 in 1 Nhãn hiệu Cozy (10 gói*17g) (Hộp),Trà Matcha sữa 3 in 1 Nhãn hiệu Cozy (10 gói*),17.0,g,Hộp
Trà gạo lứt - đậu đen 730g (Hộp),Trà gạo lứt - đậu đen,730.0,g,Hộp
Trà gừng Hot Ginger Nhãn hiệu Cozy (20gói *10g) (Hộp),Trà gừng Hot Ginger Nhãn hiệu Cozy (20gói *),10.0,g,Hộp
Trà hương cốm 100g hút (Gói),Trà hương cốm hút,100.0,g,Gói
Trà hương nhài Nhãn hiệu Cozy (25 gói *2g) (Hộp),Trà hương nhài Nhãn hiệu Cozy (25 gói *),2.0,g,Hộp
Trà hương sen Nhãn hiệu Cozy (25 gói *2g) (Hộp),Trà hương sen Nhãn hiệu Cozy (25 gói *),2.0,g,Hộp
Trà hương đào Nhãn hiệu Cozy (20 gói*2g) (Hộp),Trà hương đào Nhãn hiệu Cozy (20 gói*),2.0,g,Hộp
Trà hương đồng hút 200g (Gói),Trà hương đồng hút,200.0,g,Gói
Trà thảo mộc Wanglaoji 310ml (Lon),Trà thảo mộc Wanglaoji,310.0,ml,Lon
Trà tắc mật ong Nhãn hiệu Cozy 320ml (Lon),Trà tắc mật ong Nhãn hiệu Cozy,320.0,ml,Lon
Trà vải tự nhiên TH Truetea 350ml (Chai),Trà vải tự nhiên TH Truetea,350.0,ml,Chai
Trà xanh Vị Chanh TNtrueTEA 350ml (Chai),Trà xanh Vị Chanh TNtrueTEA,350.0,ml,Chai
Trà Ô Long TN THtrue TEA 350ml (Chai),Trà Ô Long TN THtrue TEA,350.0,ml,Chai
Trà Ô Long Tea+ Plus 330ml (Chai),Trà Ô Long Tea+ Plus,330.0,ml,Chai
Trà đào - Cozy Ice tea 15g (Hộp),Trà đào - Cozy Ice tea,15.0,g,Hộp
Trà đào sả Nhãn hiệu Cozy 320ml (Lon),Trà đào sả Nhãn hiệu Cozy,320.0,ml,Lon
Trà ổi hồng - Cozy Ice Tea 15g (Hộp),Trà ổi hồng - Cozy Ice Tea,15.0,g,Hộp
Trái cây sấy 100g (Gói),Trái cây sấy,100.0,g,Gói
Trái cây sấy Hữu Gia 200g (Gói),Trái cây sấy Hữu Gia,200.0,g,Gói
Trâu sấy vị cay tê 30g (Gói),Trâu sấy vị cay tê,30.0,g,Gói
Tô tràn 350ml (Cái),Tô tràn,350.0,ml,Cái
Túi bóng rác 10kg (Kg),Túi bóng rác,10.0,kg,Kg
Túi bóng rác 20kg (Kg),Túi bóng rác,20.0,kg,Kg
Túi bóng rác 5kg (Kg),Túi bóng rác,5.0,kg,Kg
Túi bóng rác cỡ đại không quai (kg),Túi bóng rác cỡ đại không quai,,,kg
Tương cà CHIN-SU chai eo 250g (Chai),Tương cà CHIN-SU chai eo,250.0,g,Chai
Tương ớt CHIN-SU MB 250g (Chai),Tương ớt CHIN-SU MB,250.0,g,Chai
Tương ớt CHIN-SU MB 1kg (Chai),Tương ớt CHIN-SU MB,1.0,kg,Chai
Tương ớt CHIN-SU MB 500g (Chai),Tương ớt CHIN-SU MB,500.0,g,Chai
Tương ớt pet 270g (Cái),Tương ớt pet,270.0,g,Cái
V10703 Mì Jin cay 120g (Gói),V10703 Mì Jin cay,120.0,g,Gói
V10706 MÌ TƯƠNG ĐEN BẮC KINH 135g (Gói),V10706 MÌ TƯƠNG ĐEN BẮC KINH,135.0,g,Gói
V10707 MÌ RONG BIỂN 120g (Gói),V10707 MÌ RONG BIỂN,120.0,g,Gói
Vinamilk Ông Thọ 380g (Hộp),Vinamilk Ông Thọ,380.0,g,Hộp
Viên giặt Zesty Clean hộp 400g (Hộp),Viên giặt Zesty Clean hộp,400.0,g,Hộp
Vở kẻ ngang CNB120-STR 175*250mm (Quyển),Vở kẻ ngang CNB120-STR 175*250mm,,,Quyển
Walys bánh kem xốp hương sầu riêng 288g (Hộp),Walys bánh kem xốp hương sầu riêng,288.0,g,Hộp
XP Kerasy màu đỏ cho da khô 100g (Bánh),XP Kerasy màu đỏ cho da khô,100.0,g,Bánh
Xi nước đánh giày XIMO Màu đen 75ml (Hộp),Xi nước đánh giày XIMO Màu đen,75.0,ml,Hộp
Xoài lọ 500g (Hộp),Xoài lọ,500.0,g,Hộp
Xúc xích Heo cao bồi xì xèo xốt me chua ngọt (6hộp x 10gói x 30gr + 1gói sốt 6gr + 1gói kẹo nổ 2gr) (Gói),Xúc xích Heo cao bồi xì xèo xốt me chua ngọt (6hộp x 10gói x 30gr + 1gói sốt 6gr + 1gói kẹo nổ 2gr),,,Gói
Xúc xích Heo cao bồi xì xèo xốt phô mai bắp bơ thơm béo (6hộp x 10gói x 30gr + 1gói sốt 6gr + 1gói kẹo nổ 2gr) (Gói),Xúc xích Heo cao bồi xì xèo xốt phô mai bắp bơ thơm béo (6hộp x 10gói x 30gr + 1gói sốt 6gr + 1gói kẹo nổ 2gr),,,Gói
Xúc xích Phomai 170g (170g),Xúc xích Phomai,170.0,g,170g
Xúc xích Zurich 170g (170g),Xúc xích Zurich,170.0,g,170g
Xúc xích tiệt trùng Heo cao bồi Cuốn cuốn rong biển (3 cây x 13gr +1 gói xốt 5.5 gr + 1 gói rong biển 2gr +1 gói hạt giòn 2gr) (Gói),Xúc xích tiệt trùng Heo cao bồi Cuốn cuốn rong biển (3 cây x 13gr +1 gói xốt 5.5 gr + 1 gói rong biển 2gr +1 gói hạt giòn 2gr),,,Gói
Xúc xích tiệt trùng Heo cao bồi lắc phô mai (3cây x 13gr + 1gói lắc 3.2gr) (Ly),Xúc xích tiệt trùng Heo cao bồi lắc phô mai (3cây x 13gr + 1gói lắc 3.2gr),,,Ly
Xúc xích tiệt trùng Heo cao bồi lắc phô mai bắp bơ (3cây x 13gr + 1gói lắc 3gr) (Ly),Xúc xích tiệt trùng Heo cao bồi lắc phô mai bắp bơ (3cây x 13gr + 1gói lắc 3gr),,,Ly
Xúc xích tiệt trùng Heo cao bồi nhân phô mai vị bắp 32g (Cái),Xúc xích tiệt trùng Heo cao bồi nhân phô mai vị bắp,32.0,g,Cái
Xúc xích tiệt trùng Heo cao bồi nhân phô mai vị bắp 32g (Cái),Xúc xích tiệt trùng Heo cao bồi nhân phô mai vị bắp,32.0,g,Cái
Xúc xích tiệt trùng Ponnie Thịt phô mai 45g (Cây),Xúc xích tiệt trùng Ponnie Thịt phô mai,45.0,g,Cây
Xúc xích tiệt trùng Ponnie cay vị ớt 120g (Cái),Xúc xích tiệt trùng Ponnie cay vị ớt,120.0,g,Cái
Xúc xích tiệt trùng Ponnie vị Heo 19g (Cái),Xúc xích tiệt trùng Ponnie vị Heo,19.0,g,Cái
Xúc xích tiệt trùng Ponnie vị Heo 35g (Gói),Xúc xích tiệt trùng Ponnie vị Heo,35.0,g,Gói
Xúc xích tiệt trùng Ponnie vị heo 120g (Cái),Xúc xích tiệt trùng Ponnie vị heo,120.0,g,Cái
Xúc xích tươi Vealz 10 CP 500g (Gói),Xúc xích tươi Vealz 10 CP,500.0,g,Gói
Xịt phòng NH Hương anh đào 280ml (Cái),Xịt phòng NH Hương anh đào,280.0,ml,Cái
Xịt phòng NH pure hương cam chanh 280ml (Cái),Xịt phòng NH pure hương cam chanh,280.0,ml,Cái
Xịt phòng NH pure hương phấn 280ml (Cái),Xịt phòng NH pure hương phấn,280.0,ml,Cái
Xốt Barona- Xốt muối Kim Chi Hàn Quốc 180g (Cái),Xốt Barona- Xốt muối Kim Chi Hàn Quốc,180.0,g,Cái
Xốt Mayonnaise Base Type - Kewpie Xô 3kg (Xô),Xốt Mayonnaise Base Type - Kewpie Xô,3.0,kg,Xô
Xốt bò kho gói 90g (Cái),Xốt bò kho gói,90.0,g,Cái
Xốt chấm thịt nướng 270g (Chai),Xốt chấm thịt nướng,270.0,g,Chai
Xốt gia vị hoàn chỉnh - thịt nướng ngũ vị Barona 80g (Cái),Xốt gia vị hoàn chỉnh - thịt nướng ngũ vị Barona,80.0,g,Cái
Xốt gia vị hoàn chỉnh Barona - thịt nướng Hàn Quốc 80g (Cái),Xốt gia vị hoàn chỉnh Barona - thịt nướng Hàn Quốc,80.0,g,Cái
Xốt gia vị hoàn chỉnh Barona - cá/thịt kho 80g (Cái),Xốt gia vị hoàn chỉnh Barona - cá/thịt kho,80.0,g,Cái
Xốt gia vị hoàn chỉnh Barona - thịt nướng sả 80g (Cái),Xốt gia vị hoàn chỉnh Barona - thịt nướng sả,80.0,g,Cái
Xốt gà chiên nước mắm 90g (Cái),Xốt gà chiên nước mắm,90.0,g,Cái
Xốt mayonnaise vị nguyên bản Aji-mayo 130g (Tuýp),Xốt mayonnaise vị nguyên bản Aji-mayo,130.0,g,Tuýp
Xốt muối ớt CHIN-SU đỏ 200g (Chai),Xốt muối ớt CHIN-SU đỏ,200.0,g,Chai
Xốt mì ý bò bằm 140g (Cái),Xốt mì ý bò bằm,140.0,g,Cái
Xốt tiêu đen 190g (Cái),Xốt tiêu đen,190.0,g,Cái
Xốt tuýp Mayonnaise 260g (Tuýp),Xốt tuýp Mayonnaise,260.0,g,Tuýp
Yến Mạch Hộp Otta 400g (Hộp),Yến Mạch Hộp Otta,400.0,g,Hộp
Yến mạch Hafer Flocken 500g (Gói),Yến mạch Hafer Flocken,500.0,g,Gói
Chin-su cá cơm biển đông 720ml (Chai),Chin-su cá cơm biển đông,720.0,ml,Chai
Cà phê sữa Birdy 170ml (Lon),Cà phê sữa Birdy,170.0,ml,Lon
Kẹo lotte antime mận đào 60g (Gói),Kẹo lotte antime mận đào,60.0,g,Gói
Mì goreng rasa lga penyet vị sườn 80g (Gói),Mì goreng rasa lga penyet vị sườn,80.0,g,Gói
Mỳ hàn quốc cheese 140g (Gói),Mỳ hàn quốc cheese,140.0,g,Gói
Nam ngư 500ml (Chai),Nam ngư,500.0,ml,Chai
Nước Pororo hương táo 235ml (Chai),Nước Pororo hương táo,235.0,ml,Chai
Nước khoáng thiên nhiên Quang Hanh 500ml (Chai),Nước khoáng thiên nhiên Quang Hanh,500.0,ml,Chai
Nước pororo bị sữa 235ml (Chai),Nước pororo bị sữa,235.0,ml,Chai
Sáp thơm oải hương 180g (Cái),Sáp thơm oải hương,180.0,g,Cái
Óc chó đỏ 450g (Hộp),Óc chó đỏ,450.0,g,Hộp
Ô mai mơ dẻo xào gừng 200g (Hộp),Ô mai mơ dẻo xào gừng,200.0,g,Hộp
Ô mai mận dẻo chua ngọt 200g (Hộp),Ô mai mận dẻo chua ngọt,200.0,g,Hộp
Ô mai mận dẻo tách hạt 200g (Hộp),Ô mai mận dẻo tách hạt,200.0,g,Hộp
Ô mai quả ô liu 200g (Hộp),Ô mai quả ô liu,200.0,g,Hộp
ĐH Kẹo thạch zai zai 1kg(Gói),ĐH Kẹo thạch zai zai,1.0,kg,Gói
Đường Phèn Hạt Tân Dương 500g(Gói),Đường Phèn Hạt Tân Dương,500.0,g,Gói
Đường kính trắng xuất khẩu 500g (Gói),Đường kính trắng xuất khẩu,500.0,g,Gói
Đường trắng xuất khẩu gói 1kg (Gói),Đường trắng xuất khẩu gói,1.0,kg,Gói
Đậu hũ cá phô mai - Cheese Fish Tofu 500g (Gói),Đậu hũ cá phô mai - Cheese Fish Tofu,500.0,g,Gói
Đồ uống Coke 300ml (Chai),Đồ uống Coke,300.0,ml,Chai
Đồ uống Coke Zero 320ml (Lon),Đồ uống Coke Zero,320.0,ml,Lon
Đỗ xanh tách vỏ CB 200g (Túi),Đỗ xanh tách vỏ CB,200.0,g,Túi
Đỗ xanh tách vỏ CB 500g (Túi),Đỗ xanh tách vỏ CB,500.0,g,Túi
Đường vàng minh phúc xuất khẩu bao 1kg (Gói),Đường vàng minh phúc xuất khẩu bao,1.0,kg,Gói
